"","player","team","Position","MW","starts","starts_graded","subs","subs_graded","benchs","mins","mins_mean","grade_mean","tG","tGA","npG","pG","npA","pA","ownG","ylw","ylwred","red","sds","status_pts","grade_pts","npG_pts","pG_pts","npA_pts","pA_pts","ylwred_pts","red_pts","sds_pts","clean_sheet_pts","points"
"1","A. Haidara","RB Leipzig","Mittelfeld",2.8,16,15,12,4,2,1323,47,"3.76",48,42,0,0,2,0,0,7,0,0,0,88,-20,0,0,4,0,0,0,0,0,72
"2","A. Jung","Werder Bremen","Abwehr",2,20,19,8,4,5,1896,68,"3.83",54,56,0,0,0,0,0,1,0,0,0,96,-30,0,0,0,0,0,0,0,0,66
"3","A. Meyer","Borussia Dortmund","Tor",0.8,2,2,0,0,31,180,90,"2.50",69,48,0,0,0,0,0,0,0,0,0,8,8,0,0,0,0,0,0,0,0,16
"4","Adamu","SC Freiburg","Sturm",1.5,19,19,6,2,5,1554,62,"4.07",39,47,2,0,3,0,0,5,0,1,1,88,-48,6,0,6,0,0,-6,3,0,49
"5","Adeh","Werder Bremen",NA,NA,0,0,0,0,2,0,NA,"NaN",5,4,0,0,0,0,0,0,0,0,0,0,0,0,0,0,0,0,0,0,0,0
"6","Adeyemi","Borussia Dortmund","Sturm",3,17,17,8,4,0,1439,58,"3.45",56,36,7,0,6,0,0,4,0,0,2,84,4,21,0,12,0,0,0,6,0,127
"7","Adli","Bayer 04 Leverkusen","Sturm",2.6,6,6,14,7,1,757,38,"3.58",41,29,2,0,1,0,0,3,0,0,1,52,-4,6,0,2,0,0,0,3,0,59
"8","Afolayan","FC St. Pauli","Sturm",1.7,17,17,15,6,2,1638,51,"3.96",28,41,3,0,2,0,0,3,0,0,0,98,-42,9,0,4,0,0,0,0,0,69
"9","Agu","Werder Bremen","Abwehr",1.6,21,21,1,1,2,1762,80,"3.59",37,42,3,0,1,0,1,1,0,0,1,86,-8,15,0,2,0,0,0,3,0,98
"10","Ahlers","FC St. Pauli","Tor",0.5,0,0,0,0,1,0,NA,"NaN",0,1,0,0,0,0,0,0,0,0,0,0,0,0,0,0,0,0,0,0,0,0
"11","Ahlstrand","FC St. Pauli","Mittelfeld",1.3,0,0,5,0,16,40,8,"NaN",18,26,0,0,0,0,0,0,0,0,0,10,0,0,0,0,0,0,0,0,0,10
"12","Aigbekaen","FC St. Pauli","Sturm",0.5,0,0,0,0,1,0,NA,"NaN",0,2,0,0,0,0,0,0,0,0,0,0,0,0,0,0,0,0,0,0,0,0
"13","Akaegbobi","VfL Wolfsburg",NA,NA,0,0,0,0,2,0,NA,"NaN",3,4,0,0,0,0,0,0,0,0,0,0,0,0,0,0,0,0,0,0,0,0
"14","Akpoguma","TSG Hoffenheim","Abwehr",1.7,23,23,9,4,2,2213,69,"3.78",46,68,0,0,0,0,0,3,0,0,0,110,-30,0,0,0,0,0,0,0,0,80
"15","Al-Dakhil","VfB Stuttgart","Abwehr",2.2,6,6,1,0,7,470,67,"3.83",18,23,0,0,0,0,0,0,0,1,0,26,-8,0,0,0,0,0,-6,0,0,12
"16","Alajbegovic","Bayer 04 Leverkusen",NA,NA,0,0,0,0,5,0,NA,"NaN",10,4,0,0,0,0,0,0,0,0,0,0,0,0,0,0,0,0,0,0,0,0
"17","Albers","FC St. Pauli","Sturm",0.8,0,0,14,0,4,49,4,"NaN",12,22,1,0,0,0,0,0,0,0,0,28,0,3,0,0,0,0,0,0,0,31
"18","Aleix Garcia","Bayer 04 Leverkusen","Mittelfeld",3.2,17,17,11,1,6,1451,52,"3.56",72,43,3,0,4,0,0,3,0,0,1,90,-4,12,0,8,0,0,0,3,0,109
"19","Alvero","Werder Bremen","Mittelfeld",1.6,1,1,11,3,10,226,19,"4.38",34,40,0,0,0,0,0,1,0,0,0,26,-14,0,0,0,0,0,0,0,0,12
"20","Amenda","Eintracht Frankfurt","Abwehr",1.6,1,1,7,0,16,91,11,"3.00",50,35,0,0,0,0,0,1,0,0,0,18,2,0,0,0,0,0,0,0,0,20
"21","Amiri","1. FSV Mainz 05","Mittelfeld",3.5,30,30,0,0,0,2609,87,"3.02",53,38,5,2,7,0,0,7,1,1,4,120,58,20,8,14,0,-3,-6,12,0,223
"22","Amoura","VfL Wolfsburg","Sturm",2.2,29,29,2,1,0,2483,80,"3.18",52,50,8,2,12,0,0,6,0,0,5,120,38,24,6,24,0,0,0,15,0,227
"23","Andrich","Bayer 04 Leverkusen","Mittelfeld",3.8,19,19,4,1,9,1605,70,"3.30",69,40,2,0,2,0,0,7,0,0,1,84,16,8,0,4,0,0,0,3,0,115
"24","Angely","VfL Wolfsburg","Abwehr",0.8,0,0,0,0,4,0,NA,"NaN",9,2,0,0,0,0,0,0,0,0,0,0,0,0,0,0,0,0,0,0,0,0
"25","Anton","Borussia Dortmund","Abwehr",4,22,21,4,2,3,1947,75,"3.26",64,42,2,0,2,0,1,4,0,0,1,96,22,10,0,4,0,0,0,3,0,135
"26","Arnold","VfL Wolfsburg","Mittelfeld",2.6,27,27,1,1,0,2422,86,"3.41",49,45,3,0,5,0,0,7,0,1,2,110,10,12,0,10,0,0,-6,6,0,142
"27","Arp","Holstein Kiel","Sturm",1.2,3,3,20,10,9,696,30,"3.92",44,77,1,1,2,0,0,6,1,0,0,52,-22,3,3,4,0,-3,0,0,0,37
"28","Arthur","Bayer 04 Leverkusen","Abwehr",1.6,7,7,13,2,11,744,37,"4.28",67,39,0,0,1,0,0,1,0,0,0,54,-28,0,0,2,0,0,0,0,0,28
"29","Arthur Chaves","TSG Hoffenheim","Abwehr",1.2,24,24,2,1,2,2187,84,"3.64",40,54,1,0,0,0,0,8,0,0,0,100,-14,5,0,0,0,0,0,0,0,91
"30","Aseko Nkili","Bayern München","Mittelfeld",0.5,0,0,0,0,2,0,NA,"NaN",6,1,0,0,0,0,0,0,0,0,0,0,0,0,0,0,0,0,0,0,0,0
"31","At. Szalai","TSG Hoffenheim","Abwehr",1.5,0,0,0,0,1,0,NA,"NaN",3,2,0,0,0,0,0,0,0,0,0,0,0,0,0,0,0,0,0,0,0,0
"32","Atubolu","SC Freiburg","Tor",2.6,26,26,0,0,2,2308,89,"3.00",39,41,0,0,0,0,0,2,0,0,0,104,52,0,0,0,0,0,0,0,20,176
"33","Azhil","Borussia Dortmund","Mittelfeld",0.5,0,0,1,0,7,23,23,"NaN",11,13,0,0,0,0,0,1,0,0,0,2,0,0,0,0,0,0,0,0,0,2
"34","Aznou","Bayern München","Abwehr",0.5,0,0,2,0,11,15,8,"NaN",38,11,0,0,0,0,0,0,0,0,0,4,0,0,0,0,0,0,0,0,0,4
"35","B. Dardai","VfL Wolfsburg","Mittelfeld",0.7,16,16,5,2,13,1312,62,"3.81",56,54,1,0,2,1,0,0,0,0,0,74,-22,4,0,4,2,0,0,0,0,62
"36","Backhaus","Werder Bremen","Tor",1,0,0,0,0,33,0,NA,"NaN",54,56,0,0,0,0,0,0,0,0,0,0,0,0,0,0,0,0,0,0,0,0
"37","Bahoya","Eintracht Frankfurt","Sturm",1.2,10,10,14,4,4,919,38,"3.68",53,41,2,0,3,0,0,3,0,0,0,68,-10,6,0,6,0,0,0,0,0,70
"38","Baldé","VfL Bochum","Sturm",1.2,0,0,5,1,1,85,17,"3.50",6,14,0,0,0,0,0,1,0,0,0,10,0,0,0,0,0,0,0,0,0,10
"39","Bamba","VfL Bochum","Sturm",1.4,0,0,5,0,8,21,4,"NaN",14,21,0,0,0,0,0,0,0,0,0,10,0,0,0,0,0,0,0,0,0,10
"40","Banks","FC Augsburg","Abwehr",1.2,2,2,6,2,12,276,34,"3.00",22,20,0,0,0,0,1,2,0,0,0,20,8,0,0,0,0,0,0,0,0,28
"41","Banks","FC St. Pauli","Sturm",1.2,0,0,12,0,10,103,9,"NaN",16,25,0,0,1,0,1,2,0,0,0,24,0,0,0,2,0,0,0,0,0,26
"42","Barkok","1. FSV Mainz 05","Mittelfeld",1.2,0,0,4,1,10,69,17,"3.00",23,21,0,0,0,0,0,0,0,0,0,8,2,0,0,0,0,0,0,0,0,10
"43","Batshuayi","Eintracht Frankfurt","Sturm",2.2,3,3,7,2,4,296,30,"4.20",23,19,3,0,0,0,0,2,0,0,0,26,-14,9,0,0,0,0,0,0,0,21
"44","Batz","1. FSV Mainz 05","Tor",0.8,0,0,0,0,7,0,NA,"NaN",10,10,0,0,0,0,0,0,0,0,0,0,0,0,0,0,0,0,0,0,0,0
"45","Baumann","TSG Hoffenheim","Tor",3.8,28,28,0,0,0,2520,90,"2.98",35,53,0,0,0,0,0,1,0,0,2,112,58,0,0,0,0,0,0,6,8,184
"46","Baumgartner","RB Leipzig","Mittelfeld",3,18,18,13,3,1,1611,52,"3.88",52,46,2,0,2,0,0,5,0,0,0,98,-32,8,0,4,0,0,0,0,0,78
"47","Bebou","TSG Hoffenheim","Sturm",2.5,0,0,1,0,0,8,8,"NaN",0,4,0,0,0,0,0,0,0,0,0,2,0,0,0,0,0,0,0,0,0,2
"48","Beck","1. FC Heidenheim","Mittelfeld",1.3,18,18,14,4,1,1597,50,"3.36",37,61,4,0,1,0,0,1,0,0,1,100,12,16,0,2,0,0,0,3,0,133
"49","Becker","TSG Hoffenheim","Mittelfeld",1.3,7,7,6,1,6,665,51,"3.81",26,40,0,0,1,0,0,1,0,0,1,40,-10,0,0,2,0,0,0,3,0,35
"50","Behrens","TSG Hoffenheim","Abwehr",0.5,0,0,1,1,1,28,28,"3.50",2,4,0,0,0,0,0,0,0,0,0,2,0,0,0,0,0,0,0,0,0,2
"51","Beier","Borussia Dortmund","Sturm",4.8,17,17,12,7,1,1589,55,"3.62",57,47,8,0,7,0,0,2,0,0,2,92,-12,24,0,14,0,0,0,6,0,124
"52","Bell","1. FSV Mainz 05","Abwehr",1.6,15,15,3,3,5,1436,80,"3.31",37,29,0,0,1,0,0,4,0,0,1,66,14,0,0,2,0,0,0,3,0,85
"53","Belocian","Bayer 04 Leverkusen","Abwehr",1.5,1,1,4,0,5,65,13,"4.50",27,15,0,0,0,0,0,1,0,0,0,12,-4,0,0,0,0,0,0,0,0,8
"54","Benes","1. FC Union Berlin","Mittelfeld",2,3,3,20,5,7,571,25,"4.38",29,41,2,0,1,0,0,4,0,0,0,52,-28,8,0,2,0,0,0,0,0,34
"55","Bensebaini","Borussia Dortmund","Abwehr",2.4,23,23,8,3,0,2023,65,"3.33",68,43,1,0,6,0,0,6,0,0,1,108,18,5,0,12,0,0,0,3,0,146
"56","Bernardo","VfL Bochum","Abwehr",2.6,19,19,2,2,0,1780,85,"3.38",20,28,0,0,0,0,0,5,0,0,0,80,10,0,0,0,0,0,0,0,0,90
"57","Bernhardsson","Holstein Kiel","Sturm",1.6,15,15,4,3,1,1270,67,"3.47",31,45,7,0,2,1,0,3,0,0,2,68,2,21,0,4,2,0,0,6,0,103
"58","Bero","VfL Bochum","Mittelfeld",1.6,29,29,1,1,0,2571,86,"3.50",31,56,5,0,2,0,0,11,0,0,0,118,0,20,0,4,0,0,0,0,0,142
"59","Beste","SC Freiburg","Mittelfeld",3.4,0,0,12,2,1,200,17,"3.75",20,16,0,0,1,0,0,0,0,0,0,24,-2,0,0,2,0,0,0,0,0,24
"60","Bialek","VfL Wolfsburg","Sturm",1.2,0,0,0,0,1,0,NA,"NaN",2,2,0,0,0,0,0,0,0,0,0,0,0,0,0,0,0,0,0,0,0,0
"61","Bischof","TSG Hoffenheim","Mittelfeld",1.3,30,30,1,0,0,2567,83,"3.53",40,60,5,0,2,0,0,5,0,0,2,122,-4,20,0,4,0,0,0,6,0,148
"62","Bitshiabu","RB Leipzig","Abwehr",1.5,13,13,8,0,7,1168,56,"3.73",43,36,0,0,0,0,0,2,0,1,0,68,-12,0,0,0,0,0,-6,0,0,50
"63","Bittencourt","Werder Bremen","Mittelfeld",1.7,10,10,17,3,4,971,36,"3.69",48,53,2,0,1,0,0,3,0,0,1,74,-10,8,0,2,0,0,0,3,0,77
"64","Boadu","VfL Bochum","Sturm",1.7,11,11,8,6,3,1043,55,"3.79",21,42,8,1,1,0,0,2,0,0,4,60,-20,24,3,2,0,0,0,12,0,81
"65","Boey","Bayern München","Abwehr",1.8,6,6,7,4,9,591,45,"3.80",60,24,0,0,2,0,0,1,0,0,0,38,-12,0,0,4,0,0,0,0,0,30
"66","Boniface","Bayer 04 Leverkusen","Sturm",6,12,12,7,1,5,1012,53,"3.19",45,31,8,0,2,0,0,2,0,0,1,62,16,24,0,4,0,0,0,3,0,109
"67","Bornauw","VfL Wolfsburg","Abwehr",1.8,8,8,7,1,4,781,52,"3.44",34,27,2,0,1,0,0,2,0,0,0,46,2,10,0,2,0,0,0,0,0,60
"68","Boukhalfa","FC St. Pauli","Mittelfeld",1,19,19,6,1,7,1654,66,"3.73",28,36,2,0,0,0,0,1,0,0,0,88,-18,8,0,0,0,0,0,0,0,78
"69","Brandt","Borussia Dortmund","Mittelfeld",5,28,28,2,0,0,2318,77,"3.66",62,48,5,0,10,0,0,1,0,0,2,116,-18,20,0,20,0,0,0,6,0,144
"70","Bredlow","VfB Stuttgart","Tor",0.8,0,0,0,0,34,0,NA,"NaN",64,53,0,0,0,0,0,0,0,0,0,0,0,0,0,0,0,0,0,0,0,0
"71","Breithaupt","FC Augsburg","Mittelfeld",1.2,2,2,0,0,13,122,61,"3.75",20,24,0,0,1,0,0,0,0,0,0,8,-2,0,0,2,0,0,0,0,0,8
"72","Broschinski","VfL Bochum","Sturm",1.2,15,15,18,5,1,1383,42,"4.33",32,68,1,0,3,0,0,1,0,0,0,96,-66,3,0,6,0,0,0,0,0,39
"73","Brown","Eintracht Frankfurt","Abwehr",1.4,22,22,4,2,2,1953,75,"3.38",56,37,3,0,8,0,0,2,0,0,0,96,12,15,0,16,0,0,0,0,0,139
"74","Bruun Larsen","TSG Hoffenheim","Sturm",1.8,3,3,9,2,3,394,33,"3.60",20,28,2,0,3,0,0,0,0,0,0,30,-2,6,0,6,0,0,0,0,0,40
"75","Bruun Larsen","VfB Stuttgart","Sturm",1.8,3,3,12,3,2,405,27,"3.17",32,25,1,0,1,0,0,1,0,0,0,36,8,3,0,2,0,0,0,0,0,49
"76","Bröger","VfL Wolfsburg","Mittelfeld",0.5,0,0,0,0,4,0,NA,"NaN",6,5,0,0,0,0,0,0,0,0,0,0,0,0,0,0,0,0,0,0,0,0
"77","Buendia","Bayer 04 Leverkusen","Mittelfeld",2.5,3,3,8,1,4,252,23,"3.62",26,17,2,0,1,0,0,0,0,0,0,28,-2,8,0,2,0,0,0,0,0,36
"78","Burkardt","1. FSV Mainz 05","Sturm",3.8,28,25,1,0,0,2126,73,"3.06",49,37,16,2,2,1,0,0,0,0,6,114,44,48,6,4,2,0,0,18,0,236
"79","Burke","Werder Bremen","Sturm",0.8,9,9,16,1,4,897,36,"3.70",45,52,5,0,0,0,0,4,0,0,1,68,-8,15,0,0,0,0,0,3,0,78
"80","Busch","1. FC Heidenheim","Abwehr",1.3,15,15,8,2,8,1393,61,"3.82",34,55,0,0,1,0,0,1,0,0,0,76,-22,0,0,2,0,0,0,0,0,56
"81","Busk","TSG Hoffenheim","Tor",0.5,0,0,0,0,4,0,NA,"NaN",8,10,0,0,0,0,0,0,0,0,0,0,0,0,0,0,0,0,0,0,0,0
"82","Bülter","TSG Hoffenheim","Sturm",2.4,22,22,3,2,0,1741,70,"3.50",38,54,7,0,3,1,0,4,0,0,1,94,0,21,0,6,2,0,0,3,0,126
"83","Bürger","VfL Wolfsburg",NA,NA,0,0,0,0,1,0,NA,"NaN",1,0,0,0,0,0,0,0,0,0,0,0,0,0,0,0,0,0,0,0,0,0
"84","C. Lenz","TSG Hoffenheim","Abwehr",1.4,0,0,0,0,2,0,NA,"NaN",4,2,0,0,0,0,0,0,0,0,0,0,0,0,0,0,0,0,0,0,0,0
"85","Cabrera","FC Augsburg",NA,NA,0,0,0,0,3,0,NA,"NaN",0,6,0,0,0,0,0,0,0,0,0,0,0,0,0,0,0,0,0,0,0,0
"86","Caci","1. FSV Mainz 05","Abwehr",2,33,33,0,0,0,2708,82,"3.33",55,43,1,0,7,0,0,6,0,0,0,132,22,5,0,14,0,0,0,0,0,173
"87","Campbell","Borussia Dortmund","Mittelfeld",0.5,0,0,4,0,8,19,5,"NaN",20,22,0,0,0,0,0,0,0,0,0,8,0,0,0,0,0,0,0,0,0,8
"88","Can","Borussia Dortmund","Mittelfeld",2.5,23,23,8,1,0,2163,70,"3.48",64,47,1,2,1,0,0,4,0,1,0,108,2,4,8,2,0,0,-6,0,0,118
"89","Ceesay","FC St. Pauli","Sturm",1.2,0,0,7,0,7,55,8,"NaN",13,16,0,0,0,0,0,1,0,0,0,14,0,0,0,0,0,0,0,0,0,14
"90","Chabot","VfB Stuttgart","Abwehr",3.2,27,27,4,0,0,2296,74,"3.20",61,49,3,0,1,0,0,9,1,0,1,116,32,15,0,2,0,-3,0,3,0,165
"91","Chaibi","Eintracht Frankfurt","Mittelfeld",1.8,10,10,16,5,4,1007,39,"4.07",59,35,1,0,3,0,0,2,0,0,0,72,-34,4,0,6,0,0,0,0,0,48
"92","Chandler","Eintracht Frankfurt","Abwehr",0.7,0,0,3,0,7,21,7,"NaN",28,10,0,0,0,0,0,0,0,0,0,6,0,0,0,0,0,0,0,0,0,6
"93","Chase","VfB Stuttgart","Abwehr",0.5,7,7,5,2,3,728,61,"4.17",29,25,0,0,0,0,0,1,0,0,0,38,-24,0,0,0,0,0,0,0,0,14
"94","Chiarodia","Bor. Mönchengladbach","Abwehr",1,3,3,13,2,17,369,23,"3.70",51,55,1,0,0,0,0,0,0,0,0,38,-4,5,0,0,0,0,0,0,0,39
"95","Chukwuemeka","Borussia Dortmund","Mittelfeld",2.6,1,1,9,1,1,246,25,"2.00",34,12,1,0,0,0,0,1,0,0,2,22,12,4,0,0,0,0,0,6,0,44
"96","Claude-Maurice","FC Augsburg","Mittelfeld",1.6,25,25,3,3,3,2124,76,"3.43",31,42,9,0,2,1,0,4,0,0,4,106,8,36,0,4,2,0,0,12,0,168
"97","Collins","Eintracht Frankfurt","Abwehr",0.6,15,15,9,4,7,1485,62,"3.45",63,40,1,0,1,0,0,4,0,0,0,78,4,5,0,2,0,0,0,0,0,89
"98","Coman","Bayern München","Mittelfeld",4.2,14,14,14,7,0,1284,46,"3.17",84,22,5,0,4,0,0,0,0,0,0,84,28,20,0,8,0,0,0,0,0,140
"99","Coulibaly","Werder Bremen",NA,NA,0,0,0,0,1,0,NA,"NaN",1,2,0,0,0,0,0,0,0,0,0,0,0,0,0,0,0,0,0,0,0,0
"100","Covic","Werder Bremen",NA,NA,0,0,0,0,6,0,NA,"NaN",10,11,0,0,0,0,0,0,0,0,0,0,0,0,0,0,0,0,0,0,0,0
"101","Cozza","VfL Wolfsburg",NA,NA,0,0,0,0,1,0,NA,"NaN",2,3,0,0,0,0,0,0,0,0,0,0,0,0,0,0,0,0,0,0,0,0
"102","Cvancara","Bor. Mönchengladbach","Sturm",1.6,7,7,21,1,5,820,29,"4.25",51,56,2,0,0,0,0,3,1,0,1,70,-24,6,0,0,0,-3,0,3,0,52
"103","D. Jurasek","TSG Hoffenheim","Abwehr",1.5,6,6,8,0,10,615,44,"4.25",33,45,0,0,1,0,0,0,0,0,0,40,-18,0,0,2,0,0,0,0,0,24
"104","D. de Wit","VfL Bochum","Mittelfeld",2.2,11,11,17,5,5,1144,41,"4.19",32,67,2,0,1,1,0,1,0,0,0,78,-44,8,0,2,2,0,0,0,0,46
"105","Dahmen","FC Augsburg","Tor",1.2,19,19,0,0,10,1710,90,"2.76",30,36,0,0,0,0,0,0,0,0,1,76,56,0,0,0,0,0,0,3,18,153
"106","Dahoud","Eintracht Frankfurt","Mittelfeld",2,3,3,6,3,16,360,40,"3.33",50,37,1,0,1,0,0,2,0,0,0,24,4,4,0,2,0,0,0,0,0,34
"107","Daschner","VfL Bochum","Mittelfeld",1.5,3,3,11,6,4,404,29,"4.39",15,39,1,0,1,0,0,0,0,0,0,34,-32,4,0,2,0,0,0,0,0,8
"108","Davies","Bayern München","Abwehr",3.4,17,17,2,2,2,1563,82,"3.13",65,18,1,0,3,0,0,0,0,0,0,72,28,5,0,6,0,0,0,0,0,111
"109","Deger","FC Augsburg",NA,NA,0,0,0,0,1,0,NA,"NaN",0,0,0,0,0,0,0,0,0,0,0,0,0,0,0,0,0,0,0,0,0,0
"110","Deman","Werder Bremen","Mittelfeld",1.6,0,0,9,0,6,58,6,"NaN",26,25,0,0,0,0,0,1,0,0,0,18,0,0,0,0,0,0,0,0,0,18
"111","Demirovic","VfB Stuttgart","Sturm",4.8,20,20,14,4,0,1853,54,"3.56",64,53,15,0,3,0,0,2,0,0,3,108,-6,45,0,6,0,0,0,9,0,162
"112","Diehl","VfB Stuttgart","Sturm",1.6,0,0,6,2,3,98,16,"4.25",19,18,1,0,0,0,0,0,0,0,0,12,-6,3,0,0,0,0,0,0,0,9
"113","Dier","Bayern München","Abwehr",3.2,16,16,5,0,13,1459,69,"3.03",99,32,2,0,1,0,0,1,0,0,0,74,30,10,0,2,0,0,0,0,0,116
"114","Dina Ebimbe","Eintracht Frankfurt","Mittelfeld",2,3,3,4,1,2,291,42,"3.88",24,15,0,0,1,0,0,0,0,0,0,20,-6,0,0,2,0,0,0,0,0,16
"115","Dinkci","SC Freiburg","Sturm",3.2,13,13,10,5,2,1198,52,"4.00",33,35,0,0,4,0,0,1,0,0,0,72,-36,0,0,8,0,0,0,0,0,44
"116","Diogo Leite","1. FC Union Berlin","Abwehr",1.7,29,28,1,1,0,2547,85,"3.57",31,42,1,0,2,0,1,3,0,0,0,118,-8,5,0,4,0,0,0,0,0,119
"117","Djuric","TSG Hoffenheim",NA,NA,0,0,0,0,1,0,NA,"NaN",1,3,0,0,0,0,0,0,0,0,0,0,0,0,0,0,0,0,0,0,0,0
"118","Doan","SC Freiburg","Mittelfeld",4,33,33,1,1,0,2874,85,"3.06",49,53,10,0,8,0,0,2,0,0,2,134,60,40,0,16,0,0,0,6,0,256
"119","Doekhi","1. FC Union Berlin","Abwehr",2.6,34,34,0,0,0,3060,90,"3.59",36,50,1,0,1,0,0,4,0,0,1,136,-12,5,0,2,0,0,0,3,0,134
"120","Dorsch","1. FC Heidenheim","Mittelfeld",1.5,19,18,3,0,1,1361,62,"3.42",25,49,2,0,2,0,0,5,0,1,1,82,6,8,0,4,0,0,-6,3,0,97
"121","Dorsch","FC Augsburg","Mittelfeld",1.5,0,0,1,1,0,31,31,"4.00",2,2,0,0,0,0,0,0,0,0,0,2,-2,0,0,0,0,0,0,0,0,0
"122","Drewes","VfL Bochum","Tor",2,21,21,0,0,12,1890,90,"3.45",30,68,0,0,0,0,0,2,0,0,0,84,4,0,0,0,0,0,0,0,4,92
"123","Drexler","TSG Hoffenheim","Abwehr",1.2,5,4,3,1,3,358,45,"4.40",14,21,0,0,0,0,0,2,0,0,0,26,-18,0,0,0,0,0,0,0,0,8
"124","Drljaca","VfB Stuttgart","Tor",0.5,0,0,0,0,1,0,NA,"NaN",1,2,0,0,0,0,0,0,0,0,0,0,0,0,0,0,0,0,0,0,0,0
"125","Ducksch","Werder Bremen","Sturm",3.8,30,30,2,1,0,2436,76,"3.68",51,55,7,1,9,0,0,3,0,0,0,124,-22,21,3,18,0,0,0,0,0,144
"126","Duranville","Borussia Dortmund","Sturm",1,2,2,10,3,17,277,23,"4.20",64,42,0,0,0,1,0,3,0,0,0,28,-14,0,0,0,2,0,0,0,0,16
"127","Dzwigala","FC St. Pauli","Abwehr",1,2,2,14,5,15,363,23,"4.07",23,39,0,0,0,0,0,2,0,1,0,36,-16,0,0,0,0,0,-6,0,0,14
"128","Dähne","Holstein Kiel","Tor",0.8,9,9,0,0,24,810,90,"3.06",47,76,0,0,0,0,0,0,0,0,0,36,16,0,0,0,0,0,0,0,0,52
"129","Eicher","1. FC Heidenheim","Tor",0.8,0,0,0,0,19,0,NA,"NaN",26,42,0,0,0,0,0,0,0,0,0,0,0,0,0,0,0,0,0,0,0,0
"130","Ekitiké","Eintracht Frankfurt","Sturm",3.5,31,31,2,1,0,2579,78,"3.31",64,44,14,1,8,1,0,1,0,0,4,128,24,42,3,16,2,0,0,12,0,227
"131","Elezi","VfL Bochum","Mittelfeld",1,0,0,0,0,2,0,NA,"NaN",1,2,0,0,0,0,0,0,0,0,0,0,0,0,0,0,0,0,0,0,0,0
"132","Elmas","RB Leipzig","Mittelfeld",2,0,0,2,1,10,42,21,"4.50",17,12,0,0,0,0,0,1,0,0,0,4,-4,0,0,0,0,0,0,0,0,0
"133","Elongo-Yombo","Borussia Dortmund",NA,NA,0,0,0,0,2,0,NA,"NaN",5,2,0,0,0,0,0,0,0,0,0,0,0,0,0,0,0,0,0,0,0,0
"134","Elvedi","Bor. Mönchengladbach","Abwehr",2,25,25,0,0,2,2138,86,"3.46",39,44,1,0,1,0,1,1,0,0,0,100,4,5,0,2,0,0,0,0,0,111
"135","Engelhardt","Holstein Kiel","Tor",0.5,0,0,0,0,7,0,NA,"NaN",9,12,0,0,0,0,0,0,0,0,0,0,0,0,0,0,0,0,0,0,0,0
"136","Engels","FC Augsburg",NA,NA,1,1,0,0,0,80,80,"4.00",2,2,0,0,0,0,0,1,0,0,0,4,-2,0,0,0,0,0,0,0,0,2
"137","Erras","Holstein Kiel","Abwehr",1.7,10,10,0,0,0,834,83,"4.15",9,25,1,0,0,0,0,2,0,0,1,40,-26,5,0,0,0,0,0,3,0,22
"138","Essende","FC Augsburg","Sturm",1.8,21,21,9,3,1,1742,58,"4.00",32,44,7,0,3,0,0,4,0,2,1,102,-48,21,0,6,0,0,-12,3,0,72
"139","F. Jensen","FC Augsburg","Mittelfeld",1.6,9,9,11,3,2,762,38,"4.17",22,29,0,0,0,0,0,0,0,0,0,58,-32,0,0,0,0,0,0,0,0,26
"140","F. Müller","SC Freiburg","Tor",0.8,8,8,1,1,19,752,84,"3.28",37,45,0,0,0,0,0,0,0,0,0,34,8,0,0,0,0,0,0,0,2,44
"141","F. Nmecha","Borussia Dortmund","Mittelfeld",2.2,19,18,7,1,0,1514,58,"3.53",57,42,4,0,1,1,0,3,0,0,1,90,-2,16,0,2,2,0,0,3,0,111
"142","Feller","1. FC Heidenheim","Tor",0.5,1,1,1,1,14,120,60,"2.50",14,22,0,0,0,0,0,0,0,0,0,6,8,0,0,0,0,0,0,0,4,18
"143","Fenyö","Eintracht Frankfurt","Mittelfeld",0.5,0,0,0,0,1,0,NA,"NaN",1,2,0,0,0,0,0,0,0,0,0,0,0,0,0,0,0,0,0,0,0,0
"144","Fischer","VfL Wolfsburg","Abwehr",1.5,29,29,3,1,0,2311,72,"3.67",54,53,1,0,0,0,0,7,0,0,0,122,-20,5,0,0,0,0,0,0,0,107
"145","Friedl","Werder Bremen","Abwehr",3.5,25,25,1,0,0,2195,84,"3.08",43,33,0,0,0,0,2,8,1,1,1,102,42,0,0,0,0,-3,-6,3,0,138
"146","Friedrich","Bor. Mönchengladbach","Abwehr",1.6,9,9,13,2,9,975,44,"3.23",51,50,0,0,1,0,0,0,0,0,0,62,12,0,0,2,0,0,0,0,0,76
"147","Frimpong","Bayer 04 Leverkusen","Abwehr",6,25,25,8,5,1,2321,70,"3.17",72,43,5,0,5,0,0,4,0,0,1,116,40,25,0,10,0,0,0,3,0,194
"148","Fukuda","Bor. Mönchengladbach","Sturm",0.8,0,0,6,0,18,54,9,"NaN",38,43,1,0,0,0,0,0,0,0,0,12,0,3,0,0,0,0,0,0,0,15
"149","Föhrenbach","1. FC Heidenheim","Abwehr",1.7,22,21,5,0,5,1832,68,"3.81",34,59,0,0,1,0,0,3,0,0,0,98,-26,0,0,2,0,0,0,0,0,74
"150","Führich","VfB Stuttgart","Mittelfeld",5,23,23,10,5,0,1989,60,"3.41",64,49,2,0,5,0,0,1,0,0,2,112,10,8,0,10,0,0,0,6,0,146
"151","G. Xhaka","Bayer 04 Leverkusen","Mittelfeld",6,33,33,0,0,1,2892,88,"3.09",72,43,2,0,7,0,1,3,0,0,2,132,54,8,0,14,0,0,0,6,0,214
"152","Gamboa","VfL Bochum","Abwehr",1.2,1,1,11,1,18,216,18,"4.75",28,65,1,0,0,0,0,1,0,0,0,26,-10,5,0,0,0,0,0,0,0,21
"153","Gebel","RB Leipzig","Mittelfeld",0.8,0,0,1,0,15,13,13,"NaN",33,30,0,0,0,0,0,0,0,0,0,2,0,0,0,0,0,0,0,0,0,2
"154","Geertruida","RB Leipzig","Abwehr",2.6,17,17,7,2,7,1557,65,"3.87",49,46,1,0,0,0,0,3,0,0,1,82,-28,5,0,0,0,0,0,3,0,62
"155","Geiger","TSG Hoffenheim","Mittelfeld",1.6,7,7,13,1,5,727,36,"4.31",34,54,0,0,0,0,0,4,0,0,0,54,-26,0,0,0,0,0,0,0,0,28
"156","Gendrey","TSG Hoffenheim","Abwehr",2,14,14,8,6,2,1411,64,"3.83",29,44,1,0,1,0,0,1,0,0,0,72,-26,5,0,2,0,0,0,0,0,53
"157","Gerhardt","VfL Wolfsburg","Mittelfeld",2,15,15,14,5,2,1512,52,"3.75",52,49,1,0,1,0,0,5,0,1,0,88,-20,4,0,2,0,0,-6,0,0,68
"158","Geschwill","Holstein Kiel","Abwehr",1,13,13,6,3,10,1282,67,"3.94",40,67,1,0,2,0,1,2,0,0,0,64,-28,5,0,4,0,0,0,0,0,45
"159","Giannoulis","FC Augsburg","Abwehr",1.7,31,31,0,0,0,2655,86,"3.60",32,49,1,0,4,0,0,8,0,0,1,124,-12,5,0,8,0,0,0,3,0,128
"160","Gigovic","Holstein Kiel","Mittelfeld",1.2,23,23,8,4,2,1907,62,"3.81",49,77,5,0,1,1,0,5,0,0,0,108,-34,20,0,2,2,0,0,0,0,98
"161","Gimber","1. FC Heidenheim","Abwehr",1.8,32,32,0,0,1,2680,84,"3.73",37,62,0,0,0,0,0,9,0,0,0,128,-30,0,0,0,0,0,0,0,0,98
"162","Ginter","SC Freiburg","Abwehr",3.5,28,27,4,2,1,2558,80,"3.03",47,52,2,0,1,0,0,5,0,0,1,120,54,10,0,2,0,0,0,3,0,189
"163","Gittens","Borussia Dortmund","Sturm",2.4,21,21,11,3,2,1782,56,"3.62",71,51,8,0,3,0,0,4,0,0,2,106,-12,24,0,6,0,0,0,6,0,130
"164","Gleiber","1. FSV Mainz 05",NA,NA,0,0,0,0,9,0,NA,"NaN",7,11,0,0,0,0,0,0,0,0,0,0,0,0,0,0,0,0,0,0,0,0
"165","Gnabry","Bayern München","Mittelfeld",4,13,13,14,4,2,1234,46,"3.00",85,26,7,0,5,0,0,0,0,0,1,80,34,28,0,10,0,0,0,3,0,155
"166","Gomis","RB Leipzig","Sturm",1.2,1,1,7,1,6,145,18,"3.75",19,19,0,0,1,0,0,2,0,0,0,18,-2,0,0,2,0,0,0,0,0,18
"167","Goretzka","Bayern München","Mittelfeld",4.2,13,13,13,5,5,1315,51,"3.31",85,28,4,0,1,0,0,2,0,0,1,78,14,16,0,2,0,0,0,3,0,113
"168","Gosens","1. FC Union Berlin",NA,NA,1,1,0,0,0,90,90,"4.50",1,1,0,0,0,0,0,1,0,0,0,4,-4,0,0,0,0,0,0,0,0,0
"169","Gouweleeuw","FC Augsburg","Abwehr",2.2,33,33,0,0,0,2945,89,"3.39",34,46,1,0,4,0,0,9,0,0,2,132,14,5,0,8,0,0,0,6,0,165
"170","Grabara","VfL Wolfsburg","Tor",2.8,29,29,0,0,0,2586,89,"3.00",50,50,0,0,0,0,0,2,0,0,3,116,58,0,0,0,0,0,0,9,10,193
"171","Grahl","Eintracht Frankfurt","Tor",0.8,0,0,0,0,12,0,NA,"NaN",26,12,0,0,0,0,0,0,0,0,0,0,0,0,0,0,0,0,0,0,0,0
"172","Grave","VfL Bochum","Tor",0.5,0,0,0,0,1,0,NA,"NaN",2,0,0,0,0,0,0,0,0,0,0,0,0,0,0,0,0,0,0,0,0,0
"173","Gregoritsch","SC Freiburg","Sturm",3,5,5,15,2,8,627,31,"3.43",39,49,2,0,3,0,0,2,0,0,0,50,2,6,0,6,0,0,0,0,0,64
"174","Grifo","SC Freiburg","Mittelfeld",4,31,31,3,2,0,2454,72,"3.39",49,53,8,0,11,0,0,2,0,0,4,130,14,32,0,22,0,0,0,12,0,210
"175","Grillitsch","TSG Hoffenheim","Mittelfeld",2.6,8,8,0,0,0,605,76,"3.69",11,14,0,0,0,0,0,1,0,0,0,32,-6,0,0,0,0,0,0,0,0,26
"176","Grimaldo","Bayer 04 Leverkusen","Abwehr",6.5,31,30,1,1,1,2675,84,"3.34",72,43,2,0,8,1,0,4,1,0,1,126,20,10,0,16,2,-3,0,3,0,174
"177","Grüll","Werder Bremen","Sturm",1.8,13,13,17,2,1,1179,39,"3.70",50,50,6,0,2,1,0,1,0,0,2,86,-12,18,0,4,2,0,0,6,0,104
"178","Guerreiro","Bayern München","Abwehr",3.4,19,19,4,2,9,1580,69,"3.31",93,29,4,0,4,0,0,2,0,0,0,84,16,20,0,8,0,0,0,0,0,128
"179","Guilavogui","FC St. Pauli","Sturm",1.5,21,21,4,3,0,1815,73,"3.73",21,28,6,0,2,0,0,6,0,0,3,92,-22,18,0,4,0,0,0,9,0,101
"180","Guirassy","Borussia Dortmund","Sturm",7.5,29,29,1,1,0,2602,87,"3.30",62,50,18,3,5,2,0,4,0,0,3,118,24,54,9,10,4,0,0,9,0,228
"181","Gulacsi","RB Leipzig","Tor",3.6,30,30,0,0,1,2633,88,"2.65",50,40,0,0,0,0,0,0,0,0,4,120,102,0,0,0,0,0,0,12,28,262
"182","Gumny","FC Augsburg","Abwehr",1,2,2,5,3,4,269,38,"3.70",10,24,0,0,0,0,0,2,0,0,0,18,-4,0,0,0,0,0,0,0,0,14
"183","Günter","SC Freiburg","Abwehr",2.6,27,27,2,0,5,2323,80,"3.48",49,53,2,0,4,0,1,0,0,0,1,112,2,10,0,8,0,0,0,3,0,135
"184","H. Ito","Bayern München","Abwehr",3.6,3,3,3,1,0,250,42,"3.38",13,7,1,0,0,0,0,1,0,0,0,18,2,5,0,0,0,0,0,0,0,25
"185","Haberer","1. FC Union Berlin","Mittelfeld",1.7,21,21,7,1,6,1704,61,"3.86",36,50,0,0,0,0,0,1,0,0,0,98,-32,0,0,0,0,0,0,0,0,66
"186","Hack","Bor. Mönchengladbach","Mittelfeld",3.5,27,27,6,2,1,2188,66,"3.71",55,57,4,0,8,1,0,4,0,0,1,120,-24,16,0,16,2,0,0,3,0,133
"187","Haller","Borussia Dortmund",NA,NA,0,0,0,0,1,0,NA,"NaN",2,0,0,0,0,0,0,0,0,0,0,0,0,0,0,0,0,0,0,0,0,0
"188","Hanche-Olsen","1. FSV Mainz 05","Abwehr",3.2,12,12,10,5,6,1337,61,"3.44",47,37,1,0,2,0,0,2,1,0,0,68,4,5,0,4,0,-3,0,0,0,78
"189","Hansen-Aaröen","Werder Bremen",NA,NA,0,0,0,0,9,0,NA,"NaN",15,15,0,0,0,0,0,0,0,0,0,0,0,0,0,0,0,0,0,0,0,0
"190","Harres","Holstein Kiel","Sturm",0.6,17,17,9,3,1,1544,59,"3.85",39,63,8,0,2,0,0,3,0,0,0,86,-28,24,0,4,0,0,0,0,0,86
"191","Hendriks","VfB Stuttgart","Abwehr",2,10,10,15,4,8,1140,46,"3.50",59,52,0,0,1,0,0,3,0,0,0,70,0,0,0,2,0,0,0,0,0,72
"192","Hennrich","TSG Hoffenheim","Mittelfeld",0.5,0,0,1,0,0,11,11,"NaN",1,1,0,0,0,0,0,0,0,0,0,2,0,0,0,0,0,0,0,0,0,2
"193","Henrichs","RB Leipzig","Abwehr",3.4,10,10,5,1,0,934,62,"3.73",24,20,0,0,2,0,0,3,0,0,0,50,-10,0,0,4,0,0,0,0,0,44
"194","Hermoso","Bayer 04 Leverkusen","Abwehr",2,3,3,1,0,1,292,73,"3.67",9,4,0,0,0,0,0,0,0,0,0,14,-2,0,0,0,0,0,0,0,0,12
"195","Herrmann","Bor. Mönchengladbach",NA,NA,0,0,0,0,2,0,NA,"NaN",0,3,0,0,0,0,0,0,0,0,0,0,0,0,0,0,0,0,0,0,0,0
"196","Hincapie","Bayer 04 Leverkusen","Abwehr",2.6,28,28,4,3,1,2669,83,"2.97",68,42,2,0,2,0,1,8,0,0,0,120,66,10,0,4,0,0,0,0,0,200
"197","Hlozek","TSG Hoffenheim","Sturm",1.8,22,22,5,1,0,1875,69,"3.59",38,59,8,0,4,0,0,2,0,0,4,98,-8,24,0,8,0,0,0,12,0,134
"198","Hofmann","Bayer 04 Leverkusen","Mittelfeld",4,4,4,7,3,16,353,32,"3.64",54,33,2,0,1,0,0,1,0,0,0,30,-4,8,0,2,0,0,0,0,0,36
"199","Hollerbach","1. FC Union Berlin","Sturm",1.8,30,30,4,4,0,2554,75,"3.50",36,50,9,0,2,2,0,3,0,0,5,128,0,27,0,4,4,0,0,15,0,178
"200","Holtby","Holstein Kiel","Mittelfeld",1.8,13,13,12,6,1,1241,50,"4.24",38,65,0,0,1,1,0,1,0,1,0,76,-56,0,0,2,2,0,-6,0,0,18
"201","Holtmann","VfL Bochum","Sturm",1,12,12,11,7,2,1137,49,"3.76",21,51,2,0,1,0,0,2,0,0,0,70,-20,6,0,2,0,0,0,0,0,58
"202","Hong","1. FSV Mainz 05","Mittelfeld",2,4,4,19,4,9,514,22,"3.56",52,42,0,0,1,0,0,0,0,0,0,54,-2,0,0,2,0,0,0,0,0,54
"203","Honorat","Bor. Mönchengladbach","Mittelfeld",2.8,18,18,1,1,1,1453,76,"3.42",37,32,4,0,9,0,0,0,0,0,1,74,6,16,0,18,0,0,0,3,0,117
"204","Honsak","1. FC Heidenheim","Sturm",1.3,12,12,10,3,0,1174,53,"3.80",25,47,5,0,1,0,0,1,0,0,0,68,-18,15,0,2,0,0,0,0,0,67
"205","Hradecky","Bayer 04 Leverkusen","Tor",3.6,29,29,0,0,4,2610,90,"3.17",70,40,0,0,0,0,0,1,0,0,0,116,38,0,0,0,0,0,0,0,12,166
"206","Hranac","TSG Hoffenheim","Abwehr",1.8,2,2,2,2,15,219,55,"4.50",22,42,0,0,0,0,0,0,0,0,0,12,-16,0,0,0,0,0,0,0,0,-4
"207","Huth","SC Freiburg","Tor",0.5,0,0,0,0,12,0,NA,"NaN",22,20,0,0,0,0,0,0,0,0,0,0,0,0,0,0,0,0,0,0,0,0
"208","Höfler","SC Freiburg","Mittelfeld",2.4,7,7,13,1,14,782,39,"3.75",49,53,0,0,0,0,0,3,0,0,0,54,-8,0,0,0,0,0,0,0,0,46
"209","Höler","SC Freiburg","Sturm",2.8,21,21,10,4,2,1869,60,"3.52",47,51,6,0,5,0,0,3,0,0,2,104,-2,18,0,10,0,0,0,6,0,136
"210","Ibrahimovic","Bayern München","Sturm",1.2,0,0,1,0,5,0,0,"NaN",15,6,0,0,0,0,0,0,0,0,0,2,0,0,0,0,0,0,0,0,0,2
"211","Ilic","1. FC Union Berlin","Sturm",1.4,11,11,5,4,0,942,59,"3.67",20,27,6,1,0,0,0,1,0,0,3,54,-10,18,3,0,0,0,0,9,0,74
"212","Irvine","FC St. Pauli","Mittelfeld",2.2,29,29,0,0,0,2610,90,"3.53",25,35,0,0,5,0,0,2,0,0,1,116,-4,0,0,10,0,0,0,3,0,125
"213","Is","Eintracht Frankfurt",NA,NA,0,0,0,0,1,0,NA,"NaN",2,2,0,0,0,0,0,0,0,0,0,0,0,0,0,0,0,0,0,0,0,0
"214","Itakura","Bor. Mönchengladbach","Abwehr",2,31,31,0,0,0,2790,90,"3.42",51,52,3,0,2,0,0,5,0,0,1,124,10,15,0,4,0,0,0,3,0,156
"215","Ivezic","Holstein Kiel","Mittelfeld",1.6,18,18,5,1,10,1657,72,"4.16",46,79,0,0,0,0,0,5,0,0,0,82,-50,0,0,0,0,0,0,0,0,32
"216","J. Eggestein","FC St. Pauli","Sturm",1.7,22,22,5,1,5,1866,69,"3.91",28,39,2,1,4,0,0,3,0,0,1,98,-38,6,3,8,0,0,0,3,0,80
"217","J.-S. Lee","1. FSV Mainz 05","Mittelfeld",2.8,31,31,2,2,0,2665,81,"3.30",52,41,7,0,8,2,0,4,0,0,3,128,26,28,0,16,4,0,0,9,0,211
"218","Jaeckel","1. FC Union Berlin",NA,NA,0,0,0,0,1,0,NA,"NaN",1,1,0,0,0,0,0,0,0,0,0,0,0,0,0,0,0,0,0,0,0,0
"219","Jakic","FC Augsburg","Mittelfeld",1.8,27,27,4,1,0,2310,75,"3.77",31,45,0,0,1,0,0,2,0,0,2,116,-30,0,0,2,0,0,0,6,0,94
"220","Janes","1. FC Heidenheim","Mittelfeld",0.5,0,0,0,0,2,0,NA,"NaN",2,4,0,0,0,0,0,0,0,0,0,0,0,0,0,0,0,0,0,0,0,0
"221","Jaquez","VfB Stuttgart","Abwehr",1.8,2,2,3,2,8,253,51,"2.88",25,21,0,0,0,0,0,0,0,0,0,14,10,0,0,0,0,0,0,0,0,24
"222","Jatta","RB Leipzig","Mittelfeld",0.5,0,0,0,0,3,0,NA,"NaN",5,6,0,0,0,0,0,0,0,0,0,0,0,0,0,0,0,0,0,0,0,0
"223","Javorcek","Holstein Kiel","Abwehr",1.2,4,4,9,1,12,382,29,"4.30",41,60,0,0,2,0,0,2,0,0,0,34,-16,0,0,4,0,0,0,0,0,22
"224","Jeltsch","VfB Stuttgart","Abwehr",1.6,9,9,3,0,1,777,65,"3.56",25,21,0,0,0,0,0,2,0,0,0,42,-2,0,0,0,0,0,0,0,0,40
"225","Jenz","1. FSV Mainz 05","Abwehr",2,18,18,1,0,4,1601,84,"3.22",38,28,0,0,0,0,0,4,0,0,0,74,20,0,0,0,0,0,0,0,0,94
"226","Jeong","1. FC Union Berlin","Mittelfeld",1.6,17,16,6,1,0,1274,55,"3.88",22,30,3,0,2,0,0,2,0,0,0,80,-26,12,0,4,0,0,0,0,0,70
"227","Jessen","Borussia Dortmund",NA,NA,0,0,0,0,1,0,NA,"NaN",2,1,0,0,0,0,0,0,0,0,0,0,0,0,0,0,0,0,0,0,0,0
"228","Joao Palhinha","Bayern München","Mittelfeld",5,6,6,11,3,6,714,42,"3.56",72,23,0,0,1,0,0,2,0,1,0,46,-2,0,0,2,0,0,-6,0,0,40
"229","Johansson","Holstein Kiel","Abwehr",1.4,7,6,3,0,7,648,65,"4.42",27,42,0,0,0,0,0,0,0,1,0,34,-22,0,0,0,0,0,-6,0,0,6
"230","Jordan","1. FC Union Berlin","Sturm",1.8,10,10,8,3,2,906,50,"4.12",16,27,0,0,1,0,0,2,0,0,0,56,-32,0,0,2,0,0,0,0,0,26
"231","Juranovic","1. FC Union Berlin","Abwehr",1.8,13,13,4,2,1,1158,68,"3.73",19,30,0,0,1,0,0,4,0,0,0,60,-14,0,0,2,0,0,0,0,0,48
"232","K. Behrens","VfL Wolfsburg","Sturm",1.8,0,0,18,1,14,153,8,"5.00",52,49,1,0,1,0,0,2,0,0,0,36,-6,3,0,2,0,0,0,0,0,35
"233","K. Schlotterbeck","FC Augsburg","Abwehr",2.8,15,14,3,2,10,1298,72,"3.50",29,47,3,0,1,0,0,2,1,0,0,66,0,15,0,2,0,-3,0,0,0,80
"234","K. Schmidt","SC Freiburg","Abwehr",0.8,0,0,0,0,1,0,NA,"NaN",3,0,0,0,0,0,0,0,0,0,0,0,0,0,0,0,0,0,0,0,0,0
"235","Kabadayi","FC Augsburg","Sturm",1,0,0,5,0,7,66,13,"NaN",14,23,1,0,0,0,0,0,0,0,0,10,0,3,0,0,0,0,0,0,0,13
"236","Kabar","Borussia Dortmund","Abwehr",0.8,1,1,4,0,12,134,27,"4.50",32,29,0,0,0,0,0,0,1,0,0,12,-4,0,0,0,0,-3,0,0,0,5
"237","Kaboré","Werder Bremen","Abwehr",1.6,3,3,6,1,3,306,34,"3.50",15,28,0,0,0,1,0,0,0,0,0,24,0,0,0,0,2,0,0,0,0,26
"238","Kaderabek","TSG Hoffenheim","Abwehr",2.2,18,18,6,3,4,1577,66,"3.83",36,60,2,0,0,0,0,6,0,0,0,84,-28,10,0,0,0,0,0,0,0,66
"239","Kaminski","VfL Wolfsburg","Mittelfeld",1.6,12,12,10,3,9,1124,51,"3.80",51,49,0,0,2,1,1,2,0,0,0,68,-18,0,0,4,2,0,0,0,0,56
"240","Kampl","RB Leipzig","Mittelfeld",1.8,18,18,8,4,2,1596,61,"3.48",47,46,1,0,0,0,0,5,0,0,0,88,2,4,0,0,0,0,0,0,0,94
"241","Kane","Bayern München","Sturm",8.5,28,28,3,3,0,2390,77,"2.71",91,25,17,9,10,2,0,5,0,0,9,118,98,51,27,20,4,0,0,27,0,345
"242","Karazor","VfB Stuttgart","Mittelfeld",3,31,31,1,0,0,2654,83,"3.40",63,50,2,0,4,0,0,9,1,0,0,126,12,8,0,8,0,-3,0,0,0,151
"243","Karl","Bayern München",NA,NA,0,0,0,0,3,0,NA,"NaN",10,4,0,0,0,0,0,0,0,0,0,0,0,0,0,0,0,0,0,0,0,0
"244","Kaua Santos","Eintracht Frankfurt","Tor",0.5,8,8,1,1,20,764,85,"3.06",58,42,0,0,0,0,1,0,0,0,1,34,16,0,0,0,0,0,0,3,6,59
"245","Kaufmann","1. FC Heidenheim","Sturm",1.5,3,3,6,3,4,368,41,"4.25",15,26,0,0,0,1,0,2,0,0,0,24,-18,0,0,0,2,0,0,0,0,8
"246","Ke. Müller","1. FC Heidenheim","Tor",3.4,33,33,0,0,0,2940,89,"3.20",34,64,0,0,0,0,0,0,0,0,1,132,40,0,0,0,0,0,0,3,14,189
"247","Keitel","VfB Stuttgart","Mittelfeld",2,2,2,9,0,18,264,24,"3.25",50,46,0,0,0,0,0,1,0,0,0,26,2,0,0,0,0,0,0,0,0,28
"248","Kelati","Holstein Kiel","Mittelfeld",0.7,2,2,6,3,7,294,37,"4.30",28,35,1,0,1,0,0,0,1,0,0,20,-16,4,0,2,0,-3,0,0,0,7
"249","Keller","1. FC Heidenheim","Abwehr",0.5,2,2,4,0,14,145,24,"4.25",20,37,0,0,0,0,0,2,0,0,0,16,-6,0,0,0,0,0,0,0,0,10
"250","Kemlein","1. FC Union Berlin","Mittelfeld",1.5,11,11,4,0,4,926,62,"3.59",16,27,1,0,0,0,0,3,0,0,0,52,-4,4,0,0,0,0,0,0,0,52
"251","Kerber","1. FC Heidenheim","Mittelfeld",1,7,7,16,4,9,774,34,"4.05",37,57,2,0,0,0,0,4,0,0,0,60,-24,8,0,0,0,0,0,0,0,44
"252","Kimmich","Bayern München","Abwehr",5,32,32,1,0,0,2847,86,"2.72",96,31,3,0,7,0,0,4,0,0,1,130,100,15,0,14,0,0,0,3,0,262
"253","Klaus","1. FC Union Berlin","Tor",0.8,0,0,0,0,8,0,NA,"NaN",8,15,0,0,0,0,0,0,0,0,0,0,0,0,0,0,0,0,0,0,0,0
"254","Klein","FC Augsburg","Tor",0.5,0,0,0,0,5,0,NA,"NaN",5,15,0,0,0,0,0,0,0,0,0,0,0,0,0,0,0,0,0,0,0,0
"255","Kleindienst","Bor. Mönchengladbach","Sturm",3.8,31,31,0,0,0,2744,89,"3.45",53,51,15,1,7,2,0,3,1,0,3,124,6,45,3,14,4,-3,0,9,0,202
"256","Klostermann","RB Leipzig","Abwehr",2,20,20,8,1,3,1835,66,"3.62",50,40,1,0,0,0,0,5,0,0,0,96,-10,5,0,0,0,0,0,0,0,91
"257","Knauff","Eintracht Frankfurt","Mittelfeld",2,18,17,12,4,1,1600,53,"3.57",64,42,4,0,6,0,0,3,0,0,1,96,-6,16,0,12,0,0,0,3,0,121
"258","Knudsen","Holstein Kiel","Mittelfeld",1.5,22,22,9,3,2,1853,60,"4.04",49,77,0,0,1,0,0,7,0,0,0,106,-54,0,0,2,0,0,0,0,0,54
"259","Kobel","Borussia Dortmund","Tor",4.2,32,32,0,0,0,2880,90,"2.97",68,47,0,0,0,0,0,1,0,0,1,128,68,0,0,0,0,0,0,3,14,213
"260","Kohr","1. FSV Mainz 05","Abwehr",2,28,27,0,0,0,2352,84,"3.31",45,33,2,0,0,0,0,11,0,1,1,112,20,10,0,0,0,0,-6,3,0,139
"261","Kolke","Werder Bremen","Tor",0.5,0,0,0,0,1,0,NA,"NaN",0,1,0,0,0,0,0,0,0,0,0,0,0,0,0,0,0,0,0,0,0,0
"262","Komenda","Holstein Kiel","Abwehr",1.2,17,16,2,0,6,1312,69,"4.03",36,57,0,0,0,0,0,3,0,0,0,72,-34,0,0,0,0,0,0,0,0,38
"263","Koscierski","VfL Bochum",NA,NA,0,0,1,0,0,6,6,"NaN",2,0,0,0,0,0,0,0,0,0,0,2,0,0,0,0,0,0,0,0,0,2
"264","Kossounou","Bayer 04 Leverkusen",NA,NA,0,0,0,0,1,0,NA,"NaN",3,2,0,0,0,0,0,0,0,0,0,0,0,0,0,0,0,0,0,0,0,0
"265","Koudossou","FC Augsburg","Mittelfeld",1.2,4,4,17,7,5,735,35,"3.91",25,47,0,0,0,0,0,1,0,0,0,50,-18,0,0,0,0,0,0,0,0,32
"266","Koulierakis","VfL Wolfsburg","Abwehr",2,28,28,2,1,1,2470,82,"3.45",52,50,0,0,2,0,0,4,0,0,0,116,6,0,0,4,0,0,0,0,0,126
"267","Kovar","Bayer 04 Leverkusen","Tor",1,5,5,0,0,28,450,90,"3.60",70,41,0,0,0,0,0,0,0,0,0,20,-2,0,0,0,0,0,0,0,6,24
"268","Kramaric","TSG Hoffenheim","Sturm",5,32,32,0,0,0,2780,87,"3.52",42,61,8,3,9,0,0,4,0,0,3,128,-2,24,9,18,0,0,0,9,0,186
"269","Krauß","VfL Bochum","Mittelfeld",1.8,13,13,1,1,0,1082,77,"3.36",13,25,0,0,0,0,0,2,0,0,0,54,8,0,0,0,0,0,0,0,0,62
"270","Kristensen","Eintracht Frankfurt","Abwehr",2,28,28,2,2,0,2517,84,"3.22",53,42,5,0,4,0,0,4,0,0,1,116,34,25,0,8,0,0,0,3,0,186
"271","Krätzig","1. FC Heidenheim","Abwehr",1.8,15,15,1,0,1,1226,77,"3.27",16,25,1,0,2,0,0,1,0,0,0,62,14,5,0,4,0,0,0,0,0,85
"272","Krätzig","VfB Stuttgart","Abwehr",1.8,1,1,0,0,4,57,57,"4.50",9,8,0,0,0,0,0,0,0,0,0,4,-4,0,0,0,0,0,0,0,0,0
"273","Kusi-Asare","Bayern München",NA,NA,0,0,1,0,9,2,2,"NaN",29,12,0,0,0,0,0,0,0,0,0,2,0,0,0,0,0,0,0,0,0,2
"274","Kwarteng","VfL Bochum","Mittelfeld",1.4,0,0,7,4,4,164,23,"4.12",11,30,0,0,0,0,0,1,0,0,0,14,-10,0,0,0,0,0,0,0,0,4
"275","Köhn","Werder Bremen","Abwehr",1.8,14,14,13,3,4,1344,50,"4.00",51,55,2,0,2,0,0,2,0,0,0,82,-34,10,0,4,0,0,0,0,0,62
"276","Kömür","FC Augsburg","Mittelfeld",1.2,5,5,15,6,9,645,32,"3.77",26,40,2,0,1,0,0,1,0,0,0,50,-12,8,0,2,0,0,0,0,0,48
"277","König","TSG Hoffenheim",NA,NA,0,0,0,0,2,0,NA,"NaN",2,4,0,0,0,0,0,0,0,0,0,0,0,0,0,0,0,0,0,0,0,0
"278","Kübler","SC Freiburg","Abwehr",1.7,22,22,6,0,3,1846,66,"3.57",46,53,5,0,2,0,0,5,0,0,2,100,-6,25,0,4,0,0,0,6,0,129
"279","Kücüksahin","FC Augsburg","Mittelfeld",0.5,0,0,0,0,2,0,NA,"NaN",2,0,0,0,0,0,0,0,0,0,0,0,0,0,0,0,0,0,0,0,0,0
"280","L. Nmecha","VfL Wolfsburg","Sturm",1.7,3,3,16,4,1,454,24,"3.93",35,34,3,0,0,0,0,1,0,0,0,44,-12,9,0,0,0,0,0,0,0,41
"281","L. Sané","Bayern München","Mittelfeld",6.5,17,17,13,6,2,1634,54,"3.24",94,30,11,0,7,0,0,2,0,0,3,94,24,44,0,14,0,0,0,9,0,185
"282","La. Ritzka","FC St. Pauli","Abwehr",1.2,11,11,10,2,8,921,44,"3.77",23,37,1,0,0,0,0,1,0,0,0,64,-14,5,0,0,0,0,0,0,0,55
"283","Labrovic","FC Augsburg","Tor",2.4,15,15,0,0,19,1350,90,"3.13",35,51,0,0,0,0,0,0,0,0,0,60,22,0,0,0,0,0,0,0,4,86
"284","Laimer","Bayern München","Mittelfeld",3.2,19,19,10,2,4,1696,58,"3.43",97,31,2,0,3,0,0,8,0,0,0,96,6,8,0,6,0,0,0,0,0,116
"285","Lainer","Bor. Mönchengladbach","Abwehr",1.4,6,6,15,2,12,744,35,"3.88",55,54,1,0,0,0,1,2,0,0,0,54,-12,5,0,0,0,0,0,0,0,47
"286","Larsson","Eintracht Frankfurt","Mittelfeld",2.2,28,28,5,2,0,2406,73,"3.45",66,44,3,0,3,0,0,2,0,0,0,122,6,12,0,6,0,0,0,0,0,146
"287","Leitsch","1. FSV Mainz 05","Abwehr",1.5,6,6,8,4,14,668,48,"3.45",49,32,1,0,0,0,0,2,0,0,0,40,2,5,0,0,0,0,0,0,0,47
"288","Lelle","Borussia Dortmund",NA,NA,0,0,0,0,1,0,NA,"NaN",2,3,0,0,0,0,0,0,0,0,0,0,0,0,0,0,0,0,0,0,0,0
"289","Leweling","VfB Stuttgart","Sturm",2.6,22,21,5,2,0,1677,62,"3.37",48,40,2,0,5,1,0,4,0,0,0,98,12,6,0,10,2,0,0,0,0,128
"290","Lienhart","SC Freiburg","Abwehr",3,31,31,1,1,0,2771,87,"3.47",45,47,1,0,0,0,0,5,0,0,0,126,4,5,0,0,0,0,0,0,0,135
"291","Ljubicic","1. FC Union Berlin","Sturm",1.6,1,1,12,4,1,270,21,"4.10",20,23,1,0,1,0,0,1,0,0,0,28,-12,3,0,2,0,0,0,0,0,21
"292","Lomb","Bayer 04 Leverkusen","Tor",0.5,0,0,0,0,12,0,NA,"NaN",25,22,0,0,0,0,0,0,0,0,0,0,0,0,0,0,0,0,0,0,0,0
"293","Loosli","VfL Bochum","Abwehr",1,0,0,0,0,8,0,NA,"NaN",6,16,0,0,0,0,0,0,0,0,0,0,0,0,0,0,0,0,0,0,0,0
"294","Losilla","VfL Bochum","Mittelfeld",2,13,13,8,3,10,1138,54,"3.84",28,64,0,0,0,0,0,1,0,0,0,68,-22,0,0,0,0,0,0,0,0,46
"295","Lotka","Borussia Dortmund","Tor",0.5,0,0,0,0,4,0,NA,"NaN",5,7,0,0,0,0,0,0,0,0,0,0,0,0,0,0,0,0,0,0,0,0
"296","Lukeba","RB Leipzig","Abwehr",2.8,18,18,5,0,1,1577,69,"3.47",35,28,0,0,0,0,0,2,0,0,0,82,2,0,0,0,0,0,0,0,0,84
"297","Lukowicz","Werder Bremen",NA,NA,0,0,0,0,1,0,NA,"NaN",1,2,0,0,0,0,0,0,0,0,0,0,0,0,0,0,0,0,0,0,0,0
"298","Lynen","Werder Bremen","Mittelfeld",2,32,32,0,0,0,2747,86,"3.75",54,54,0,0,1,0,0,9,0,0,0,128,-32,0,0,2,0,0,0,0,0,98
"299","Lührs","Borussia Dortmund","Abwehr",0.5,1,1,2,1,7,126,42,"3.75",20,17,0,0,0,0,0,0,0,0,0,8,-2,0,0,0,0,0,0,0,0,6
"300","M. Bauer","FC Augsburg","Abwehr",1.2,8,8,3,0,7,657,60,"4.25",21,34,0,0,0,0,0,1,0,0,0,38,-24,0,0,0,0,0,0,0,0,14
"301","M. Berisha","FC Augsburg","Sturm",2.2,0,0,2,1,1,38,19,"3.50",3,4,0,0,0,0,0,1,0,0,0,4,0,0,0,0,0,0,0,0,0,4
"302","M. Berisha","TSG Hoffenheim","Sturm",2.2,3,3,8,3,2,329,30,"3.58",16,26,1,0,1,0,0,1,0,0,0,28,-2,3,0,2,0,0,0,0,0,31
"303","M. Breunig","1. FC Heidenheim","Sturm",1,2,2,11,2,6,342,26,"4.00",26,34,1,1,0,0,0,0,0,0,0,30,-8,3,3,0,0,0,0,0,0,28
"304","M. Eggestein","SC Freiburg","Mittelfeld",2.5,33,33,0,0,1,2855,87,"3.68",49,53,2,0,0,0,0,4,0,0,1,132,-24,8,0,0,0,0,0,3,0,119
"305","M. Götze","Eintracht Frankfurt","Mittelfeld",2.5,18,18,6,3,4,1549,65,"3.21",56,42,3,0,2,0,0,1,0,0,3,84,24,12,0,4,0,0,0,9,0,133
"306","M. Müller","VfL Wolfsburg","Tor",1,5,5,1,0,24,474,79,"2.50",52,45,0,0,0,0,0,0,0,0,1,22,20,0,0,0,0,0,0,3,2,47
"307","M. Schulz","Holstein Kiel","Mittelfeld",1.4,3,3,9,0,12,302,25,"4.83",28,56,0,0,0,0,0,3,0,0,0,30,-16,0,0,0,0,0,0,0,0,14
"308","M. Tolba","VfL Bochum","Abwehr",0.5,0,0,0,0,2,0,NA,"NaN",3,3,0,0,0,0,0,0,0,0,0,0,0,0,0,0,0,0,0,0,0,0
"309","M. Wolf","FC Augsburg","Mittelfeld",1.8,28,28,4,1,0,2160,68,"3.97",35,46,1,0,3,0,0,2,0,0,1,120,-54,4,0,6,0,0,0,3,0,79
"310","M.-J. Kim","Bayern München","Abwehr",3.5,27,27,0,0,3,2291,85,"3.24",89,28,2,0,0,0,0,2,0,0,1,108,28,10,0,0,0,0,0,3,0,149
"311","Machino","Holstein Kiel","Sturm",1.4,23,23,9,6,2,1960,61,"3.67",49,80,9,2,4,0,0,2,0,0,3,110,-20,27,6,8,0,0,0,9,0,140
"312","Maehle","VfL Wolfsburg","Abwehr",2.8,25,24,3,0,0,2189,78,"3.60",44,42,3,0,5,0,0,6,0,0,1,106,-10,15,0,10,0,0,0,3,0,124
"313","Maier","FC Augsburg","Mittelfeld",1.6,7,7,21,9,4,932,33,"3.91",35,49,0,0,2,0,0,0,0,1,0,70,-26,0,0,4,0,0,-6,0,0,42
"314","Majer","VfL Wolfsburg","Mittelfeld",2.2,3,3,6,1,0,302,34,"2.62",10,13,1,1,1,0,0,1,0,0,0,24,14,4,4,2,0,0,0,0,0,48
"315","Makengo","SC Freiburg","Abwehr",1.4,7,7,12,1,12,736,39,"3.62",48,50,0,0,0,0,0,1,0,0,0,52,-4,0,0,0,0,0,0,0,0,48
"316","Malanga","VfB Stuttgart","Mittelfeld",0.5,0,0,1,0,4,1,1,"NaN",10,6,0,0,0,0,0,0,0,0,0,2,0,0,0,0,0,0,0,0,0,2
"317","Malatini","Werder Bremen","Abwehr",1.2,5,5,5,0,21,453,45,"3.50",51,52,1,0,1,0,0,1,0,0,0,30,0,5,0,2,0,0,0,0,0,37
"318","Malen","Borussia Dortmund","Sturm",4.5,6,6,8,4,2,612,44,"3.90",30,25,3,0,0,0,0,1,0,0,0,40,-16,9,0,0,0,0,0,0,0,33
"319","Maloney","1. FC Heidenheim","Mittelfeld",2,10,10,1,0,0,765,70,"3.85",16,24,0,0,0,0,0,1,0,0,0,42,-14,0,0,0,0,0,0,0,0,28
"320","Maloney","1. FSV Mainz 05","Mittelfeld",2,0,0,5,0,10,21,4,"NaN",22,18,0,0,0,0,0,1,0,0,0,10,0,0,0,0,0,0,0,0,0,10
"321","Manzambi","SC Freiburg","Mittelfeld",0.5,4,4,7,0,9,334,30,"2.88",28,31,2,0,2,0,0,2,0,0,0,30,10,8,0,4,0,0,0,0,0,52
"322","Mané","Borussia Dortmund","Abwehr",0.5,0,0,0,0,6,0,NA,"NaN",8,8,0,0,0,0,0,0,0,0,0,0,0,0,0,0,0,0,0,0,0,0
"323","Marmoush","Eintracht Frankfurt","Sturm",3.5,17,17,0,0,0,1454,86,"2.38",40,24,13,2,9,1,0,2,0,0,9,68,76,39,6,18,2,0,0,27,0,236
"324","Masouras","VfL Bochum","Sturm",1.6,12,12,2,2,0,1063,76,"4.11",15,24,2,0,1,0,0,1,0,0,1,52,-34,6,0,2,0,0,0,3,0,29
"325","Masovic","VfL Bochum","Abwehr",1.5,10,9,6,1,13,905,57,"4.10",26,59,1,0,1,0,0,2,0,0,1,52,-24,5,0,2,0,0,0,3,0,38
"326","Matanovic","Eintracht Frankfurt","Sturm",2.2,2,2,14,3,6,301,19,"3.80",47,29,1,0,0,0,0,0,0,0,0,36,-6,3,0,0,0,0,0,0,0,33
"327","Matsima","FC Augsburg","Abwehr",1.7,28,28,2,1,2,2551,85,"3.29",33,45,1,0,1,0,1,4,0,0,1,116,24,5,0,2,0,0,0,3,0,150
"328","Maurides","FC St. Pauli","Sturm",0.6,0,0,1,0,3,1,1,"NaN",5,5,0,0,0,0,0,0,0,0,0,2,0,0,0,0,0,0,0,0,0,2
"329","Medic","VfL Bochum","Abwehr",1.5,17,17,6,1,10,1602,70,"3.83",32,67,1,0,0,0,0,2,0,0,0,80,-24,5,0,0,0,0,0,0,0,61
"330","Meiser","FC Augsburg",NA,NA,0,0,0,0,6,0,NA,"NaN",4,6,0,0,0,0,0,0,0,0,0,0,0,0,0,0,0,0,0,0,0,0
"331","Metcalfe","FC St. Pauli","Mittelfeld",1.4,3,3,7,2,3,355,36,"4.10",12,15,0,0,0,0,0,0,1,0,0,26,-12,0,0,0,0,-3,0,0,0,11
"332","Mets","FC St. Pauli","Abwehr",1.6,10,10,0,0,0,900,90,"3.50",7,12,0,0,0,0,0,1,0,0,0,40,0,0,0,0,0,0,0,0,0,40
"333","Micheler","TSG Hoffenheim","Mittelfeld",0.5,0,0,1,1,3,31,31,"3.50",7,10,0,0,0,0,0,1,0,0,0,2,0,0,0,0,0,0,0,0,0,2
"334","Mike","Bayern München",NA,NA,0,0,0,0,1,0,NA,"NaN",3,0,0,0,0,0,0,0,0,0,0,0,0,0,0,0,0,0,0,0,0,0
"335","Millot","VfB Stuttgart","Mittelfeld",3.5,22,22,7,2,2,1849,64,"3.27",63,50,6,0,5,0,0,9,0,0,2,102,22,24,0,10,0,0,0,6,0,164
"336","Mittelstädt","VfB Stuttgart","Abwehr",3.5,28,28,3,2,1,2476,80,"3.42",58,52,1,0,8,0,0,5,0,0,0,118,10,5,0,16,0,0,0,0,0,149
"337","Miyoshi","VfL Bochum","Mittelfeld",1.3,6,5,9,2,6,540,36,"4.50",23,43,1,0,0,0,0,0,0,1,0,42,-28,4,0,0,0,0,-6,0,0,12
"338","Moerstedt","TSG Hoffenheim","Sturm",1,5,5,7,2,7,450,38,"4.07",26,34,0,0,1,0,0,2,0,0,0,34,-16,0,0,2,0,0,0,0,0,20
"339","Mokwa","TSG Hoffenheim","Sturm",0.5,0,0,2,0,3,19,10,"NaN",7,13,0,0,0,0,0,0,0,0,0,4,0,0,0,0,0,0,0,0,0,4
"340","Mounié","FC Augsburg","Sturm",1.6,1,1,15,5,11,333,21,"3.83",28,43,1,0,0,0,0,2,0,0,0,34,-8,3,0,0,0,0,0,0,0,29
"341","Mukiele","Bayer 04 Leverkusen","Abwehr",2.2,10,10,5,1,12,896,60,"3.45",55,30,1,0,0,0,1,4,0,0,0,50,2,5,0,0,0,0,0,0,0,57
"342","Musiala","Bayern München","Mittelfeld",7,21,21,4,2,0,1806,72,"2.83",73,24,12,0,3,1,0,3,0,0,4,92,62,48,0,6,2,0,0,12,0,222
"343","Muslija","SC Freiburg","Mittelfeld",1.6,0,0,9,1,12,162,18,"4.00",31,40,0,0,0,0,0,0,0,0,0,18,-2,0,0,0,0,0,0,0,0,16
"344","Mwene","1. FSV Mainz 05","Abwehr",1.8,32,32,0,0,0,2621,82,"3.44",52,38,1,0,5,0,0,7,0,0,0,128,8,5,0,10,0,0,0,0,0,151
"345","N. Schlotterbeck","Borussia Dortmund","Abwehr",3.8,23,22,0,0,0,2070,90,"3.36",39,34,0,0,4,0,0,5,1,1,1,92,12,0,0,8,0,-3,-6,3,0,106
"346","Nankishi","Werder Bremen","Sturm",0.8,0,0,0,0,5,0,NA,"NaN",11,4,0,0,0,0,0,0,0,0,0,0,0,0,0,0,0,0,0,0,0,0
"347","Nartey","VfB Stuttgart","Mittelfeld",1,0,0,1,0,0,22,22,"NaN",3,2,0,0,0,0,0,0,0,0,0,2,0,0,0,0,0,0,0,0,0,2
"348","Natali","Bayer 04 Leverkusen","Abwehr",1,0,0,0,0,4,0,NA,"NaN",12,6,0,0,0,0,0,0,0,0,0,0,0,0,0,0,0,0,0,0,0,0
"349","Nebel","1. FSV Mainz 05","Mittelfeld",1.8,26,26,5,2,2,2351,76,"2.86",53,41,10,0,6,0,0,3,1,0,4,114,72,40,0,12,0,-3,0,12,0,247
"350","Nedeljkovic","RB Leipzig","Abwehr",1.4,6,6,4,1,4,480,48,"4.07",19,19,0,0,0,0,0,1,0,0,0,32,-16,0,0,0,0,0,0,0,0,16
"351","Neininger","VfL Wolfsburg",NA,NA,0,0,0,0,4,0,NA,"NaN",5,5,0,0,0,0,0,0,0,0,0,0,0,0,0,0,0,0,0,0,0,0
"352","Nekic","Holstein Kiel","Abwehr",1,1,1,0,0,1,72,72,"5.50",3,5,0,0,0,0,0,0,0,0,0,4,-8,0,0,0,0,0,0,0,0,-4
"353","Nemeth","FC St. Pauli","Abwehr",1,24,24,0,0,10,2142,89,"3.73",28,41,0,0,1,0,0,4,0,0,0,96,-22,0,0,2,0,0,0,0,0,76
"354","Netz","Bor. Mönchengladbach","Abwehr",1.7,8,8,16,4,3,958,40,"4.12",43,49,0,0,2,0,0,2,0,0,0,64,-30,0,0,4,0,0,0,0,0,38
"355","Neuer","Bayern München","Tor",3.6,22,22,0,0,2,1980,90,"2.91",71,18,0,0,0,0,0,0,0,0,1,88,52,0,0,0,0,0,0,3,26,169
"356","Neuhaus","Bor. Mönchengladbach","Mittelfeld",2.2,2,2,16,1,12,366,20,"3.50",47,51,0,0,1,0,0,1,0,0,1,40,0,0,0,2,0,0,0,3,0,45
"357","Ngoumou","Bor. Mönchengladbach","Mittelfeld",1.8,9,9,10,2,1,826,43,"3.86",32,25,2,0,1,0,0,0,0,0,0,56,-16,8,0,2,0,0,0,0,0,50
"358","Nicolas","Bor. Mönchengladbach","Tor",1.8,19,18,0,0,3,1640,86,"2.78",35,32,0,0,0,0,0,0,0,0,2,76,52,0,0,0,0,0,0,6,8,142
"359","Niehues","1. FC Heidenheim","Mittelfeld",1,0,0,8,2,2,146,18,"4.50",7,17,0,0,0,0,0,1,0,0,0,16,-8,0,0,0,0,0,0,0,0,8
"360","Njinmah","Werder Bremen","Sturm",2,10,9,16,4,1,943,36,"4.15",39,43,3,0,3,1,0,1,0,0,0,72,-34,9,0,6,2,0,0,0,0,55
"361","Nkounkou","Eintracht Frankfurt","Abwehr",1.6,4,4,8,0,15,378,32,"3.25",53,40,0,0,0,0,0,1,0,0,0,32,4,0,0,0,0,0,0,0,0,36
"362","Norbye","RB Leipzig",NA,NA,0,0,0,0,5,0,NA,"NaN",9,9,0,0,0,0,0,0,0,0,0,0,0,0,0,0,0,0,0,0,0,0
"363","Nordin","1. FSV Mainz 05","Sturm",2,0,0,6,1,7,75,12,"3.50",17,19,0,0,0,0,0,0,0,0,0,12,0,0,0,0,0,0,0,0,0,12
"364","Nsoki","TSG Hoffenheim","Abwehr",1.2,16,15,6,2,8,1381,63,"4.06",40,64,0,0,0,0,2,3,0,1,0,76,-38,0,0,0,0,0,-6,0,0,32
"365","Nusa","RB Leipzig","Sturm",2,16,16,9,3,0,1553,62,"3.45",41,39,3,0,4,0,0,0,0,0,1,82,4,9,0,8,0,0,0,3,0,106
"366","Nübel","VfB Stuttgart","Tor",3.4,34,34,0,0,0,3060,90,"3.06",64,53,0,0,1,0,0,0,0,0,2,136,60,0,0,2,0,0,0,6,14,218
"367","O. Höjlund","Eintracht Frankfurt","Mittelfeld",1,7,7,13,2,3,712,36,"3.83",39,30,1,0,0,0,0,0,0,0,0,54,-12,4,0,0,0,0,0,0,0,46
"368","Odogu","VfL Wolfsburg","Abwehr",0.5,2,2,1,0,14,194,65,"3.25",19,27,0,0,0,0,0,0,0,0,0,10,2,0,0,0,0,0,0,0,0,12
"369","Oelschlägel","FC St. Pauli","Tor",0.5,0,0,0,0,10,0,NA,"NaN",10,11,0,0,0,0,0,0,0,0,0,0,0,0,0,0,0,0,0,0,0,0
"370","Oermann","VfL Bochum","Abwehr",1.4,26,25,3,1,4,2215,76,"3.88",31,68,0,0,2,0,0,0,0,0,1,110,-40,0,0,4,0,0,0,3,0,77
"371","Ogbemudia","1. FC Union Berlin","Abwehr",0.5,0,0,0,0,5,0,NA,"NaN",9,11,0,0,0,0,0,0,0,0,0,0,0,0,0,0,0,0,0,0,0,0
"372","Ogbus","SC Freiburg","Abwehr",0.5,0,0,2,0,5,17,8,"NaN",12,11,0,0,0,0,0,0,0,0,0,4,0,0,0,0,0,0,0,0,0,4
"373","Olise","Bayern München","Mittelfeld",5,28,28,6,3,0,2348,69,"2.66",99,32,12,0,17,2,0,3,0,0,6,124,104,48,0,34,4,0,0,18,0,332
"374","Omlin","Bor. Mönchengladbach","Tor",2.6,11,11,1,1,11,1041,87,"3.33",39,46,0,0,0,0,0,0,0,1,1,46,8,0,0,0,0,0,-6,3,2,53
"375","Onisiwo","1. FSV Mainz 05","Sturm",2.4,1,1,5,0,4,106,18,"3.50",19,13,0,0,0,0,0,0,0,0,0,14,0,0,0,0,0,0,0,0,0,14
"376","Onyeka","Bayer 04 Leverkusen","Mittelfeld",1.7,0,0,0,0,10,0,NA,"NaN",23,9,0,0,0,0,0,1,0,0,0,0,0,0,0,0,0,0,0,0,0,0
"377","Onyeka","FC Augsburg","Mittelfeld",1.7,30,30,1,1,0,2595,84,"3.61",31,45,0,0,1,0,0,8,0,0,0,122,-14,0,0,2,0,0,0,0,0,110
"378","Openda","RB Leipzig","Sturm",8,28,28,5,3,0,2467,75,"3.53",50,45,9,0,8,3,0,3,1,0,3,122,-4,27,0,16,6,-3,0,9,0,173
"379","Orban","RB Leipzig","Abwehr",3.7,25,25,0,0,1,2250,90,"3.18",43,36,5,0,0,0,0,5,0,2,2,100,32,25,0,0,0,0,-12,6,0,151
"380","Orban","TSG Hoffenheim","Sturm",2.2,7,7,6,5,4,687,53,"4.08",24,34,4,0,0,0,0,2,0,0,0,40,-28,12,0,0,0,0,0,0,0,24
"381","Ordets","VfL Bochum","Abwehr",1.8,21,21,1,0,2,1864,85,"3.93",22,50,0,0,0,0,0,6,0,0,0,86,-36,0,0,0,0,0,0,0,0,50
"382","Osterhage","SC Freiburg","Mittelfeld",2.4,27,27,3,0,1,2297,77,"3.46",44,47,1,0,0,0,0,4,1,0,1,114,4,4,0,0,0,-3,0,3,0,122
"383","Ouedraogo","RB Leipzig","Mittelfeld",1.6,0,0,3,1,2,47,16,"5.00",6,9,0,0,0,0,0,0,0,0,0,6,-6,0,0,0,0,0,0,0,0,0
"384","P. Groß","Borussia Dortmund","Mittelfeld",3.8,28,28,2,1,0,2366,79,"3.52",61,42,0,0,10,0,0,5,0,1,0,116,-2,0,0,20,0,0,-6,0,0,128
"385","P. Hofmann","VfL Bochum","Sturm",1.8,27,26,5,2,0,2289,72,"3.96",29,64,3,0,4,0,0,4,0,0,1,118,-52,9,0,8,0,0,0,3,0,86
"386","P. Mainka","1. FC Heidenheim","Abwehr",2.8,34,34,0,0,0,3060,90,"3.35",37,64,1,0,2,0,0,4,0,0,3,136,20,5,0,4,0,0,0,9,0,174
"387","P. Stenzel","VfB Stuttgart","Abwehr",1.7,4,4,6,0,21,287,29,"4.00",59,46,0,0,0,0,0,0,0,0,0,28,-8,0,0,0,0,0,0,0,0,20
"388","P. Tietz","FC Augsburg","Sturm",1.8,19,19,15,7,0,1689,50,"3.75",35,51,6,1,3,0,0,4,0,0,0,106,-26,18,3,6,0,0,0,0,0,107
"389","Palacios","Bayer 04 Leverkusen","Mittelfeld",5,11,11,13,4,6,1146,48,"2.90",62,37,1,0,7,0,0,2,0,0,1,70,36,4,0,14,0,0,0,3,0,127
"390","Pannewig","VfL Bochum","Mittelfeld",0.5,2,2,12,1,14,256,18,"4.50",26,58,0,0,0,0,0,1,0,0,0,32,-12,0,0,0,0,0,0,0,0,20
"391","Paredes","VfL Wolfsburg","Mittelfeld",1.7,2,2,0,0,3,125,62,"3.75",4,8,0,0,1,0,0,1,0,0,0,8,-2,0,0,2,0,0,0,0,0,8
"392","Passlack","VfL Bochum","Abwehr",1.4,30,30,1,0,0,2351,76,"3.95",29,66,1,0,6,0,0,4,0,0,0,122,-54,5,0,12,0,0,0,0,0,85
"393","Paulina","Borussia Dortmund",NA,NA,0,0,0,0,3,0,NA,"NaN",7,4,0,0,0,0,0,0,0,0,0,0,0,0,0,0,0,0,0,0,0,0
"394","Pavlesic","Bayern München",NA,NA,0,0,0,0,2,0,NA,"NaN",5,4,0,0,0,0,0,0,0,0,0,0,0,0,0,0,0,0,0,0,0,0
"395","Pavlovic","Bayern München","Mittelfeld",3.5,18,17,3,2,3,1458,69,"3.32",74,23,1,0,0,0,0,2,0,0,0,78,14,4,0,0,0,0,0,0,0,96
"396","Pedersen","FC Augsburg","Abwehr",1.4,2,2,5,2,4,231,33,"4.62",10,13,0,0,0,0,0,0,0,0,0,18,-18,0,0,0,0,0,0,0,0,0
"397","Pereira Cardoso","Bor. Mönchengladbach","Tor",1,4,4,1,0,6,379,76,"3.00",20,22,0,0,0,0,0,0,0,0,1,18,8,0,0,0,0,0,0,3,4,33
"398","Peretz","Bayern München","Tor",0.5,3,3,0,0,13,270,90,"3.00",43,18,0,0,0,0,0,1,0,0,0,12,6,0,0,0,0,0,0,0,0,18
"399","Pervan","VfL Wolfsburg","Tor",0.5,0,0,0,0,10,0,NA,"NaN",12,15,0,0,0,0,0,0,0,0,0,0,0,0,0,0,0,0,0,0,0,0
"400","Pesch","Bor. Mönchengladbach","Mittelfeld",0.5,0,0,1,0,4,5,5,"NaN",8,12,0,0,0,0,0,0,0,0,0,2,0,0,0,0,0,0,0,0,0,2
"401","Philipp","SC Freiburg","Sturm",1.4,0,0,2,0,12,15,8,"NaN",17,19,0,0,0,0,0,0,0,0,0,4,0,0,0,0,0,0,0,0,0,4
"402","Philipp","TSG Hoffenheim","Tor",0.8,6,6,0,0,28,540,90,"3.08",46,68,0,0,0,0,0,0,0,0,1,24,10,0,0,0,0,0,0,3,0,37
"403","Pichler","Holstein Kiel","Sturm",1.5,7,7,11,4,4,776,43,"4.09",30,57,1,0,2,0,0,1,0,0,0,50,-26,3,0,4,0,0,0,0,0,31
"404","Pieper","Werder Bremen","Abwehr",1.6,16,16,7,3,9,1500,65,"3.42",52,55,0,0,0,0,0,3,0,0,0,78,6,0,0,0,0,0,0,0,0,84
"405","Pieringer","1. FC Heidenheim","Sturm",1.7,26,26,5,5,0,2221,72,"3.56",33,56,4,3,5,2,0,7,0,0,2,114,-8,12,9,10,4,0,0,6,0,147
"406","Plea","Bor. Mönchengladbach","Sturm",2.5,24,24,6,1,2,1914,64,"3.66",50,56,10,1,5,1,0,3,0,0,2,108,-16,30,3,10,2,0,0,6,0,143
"407","Porath","Holstein Kiel","Mittelfeld",1.6,20,20,11,6,1,1968,63,"3.77",48,78,2,0,4,0,0,3,0,0,0,102,-28,8,0,8,0,0,0,0,0,90
"408","Poulsen","RB Leipzig","Sturm",2.2,2,2,20,0,2,361,16,"4.00",33,27,2,0,0,0,0,1,0,0,0,48,-4,6,0,0,0,0,0,0,0,50
"409","Prass","TSG Hoffenheim","Mittelfeld",2,19,19,4,1,3,1572,68,"4.05",37,57,0,0,1,1,0,1,0,0,0,84,-44,0,0,2,2,0,0,0,0,44
"410","Preu","1. FC Union Berlin","Sturm",0.5,1,1,4,1,2,118,24,"4.50",9,11,0,0,0,0,0,1,0,0,0,12,-8,0,0,0,0,0,0,0,0,4
"411","Prtajin","1. FC Union Berlin","Sturm",1.4,2,2,3,1,7,160,32,"4.00",20,24,0,0,0,0,0,0,0,0,0,14,-6,0,0,0,0,0,0,0,0,8
"412","Prömel","TSG Hoffenheim","Mittelfeld",2.5,2,2,0,0,0,175,88,"3.75",4,5,0,0,0,0,0,0,0,0,0,8,-2,0,0,0,0,0,0,0,0,6
"413","Puchacz","Holstein Kiel","Abwehr",1.4,5,5,5,1,4,395,40,"4.17",18,34,0,0,1,0,0,0,0,0,0,30,-16,0,0,2,0,0,0,0,0,16
"414","Querfeld","1. FC Union Berlin","Abwehr",2,17,17,10,4,6,1740,64,"3.69",36,50,2,0,2,0,0,8,0,0,1,88,-16,10,0,4,0,0,0,3,0,89
"415","R. Baku","RB Leipzig","Mittelfeld",2,15,15,4,1,0,1278,67,"3.62",29,28,2,0,3,0,0,1,0,0,0,68,-8,8,0,6,0,0,0,0,0,74
"416","R. Baku","VfL Wolfsburg","Mittelfeld",2,14,14,1,0,0,1174,78,"3.61",32,28,2,0,2,0,0,2,0,0,1,58,-6,8,0,4,0,0,0,3,0,67
"417","R. Khedira","1. FC Union Berlin","Mittelfeld",2.2,31,31,1,0,1,2726,85,"3.65",36,48,1,0,1,0,0,7,0,0,0,126,-18,4,0,2,0,0,0,0,0,114
"418","R. Koch","Eintracht Frankfurt","Abwehr",3,30,29,0,0,0,2589,86,"3.10",63,38,3,0,0,0,0,3,0,0,0,120,46,15,0,0,0,0,0,0,0,181
"419","R. Wagner","FC St. Pauli","Mittelfeld",1.6,5,5,7,0,2,404,34,"4.30",9,21,0,0,0,0,0,1,0,0,0,34,-16,0,0,0,0,0,0,0,0,18
"420","Ramsak","RB Leipzig",NA,NA,0,0,0,0,2,0,NA,"NaN",4,5,0,0,0,0,0,0,0,0,0,0,0,0,0,0,0,0,0,0,0,0
"421","Ranos","Bor. Mönchengladbach","Sturm",1,0,0,2,0,5,18,9,"NaN",10,13,0,0,0,0,0,1,0,0,0,4,0,0,0,0,0,0,0,0,0,4
"422","Rapsch","Bayer 04 Leverkusen",NA,NA,0,0,0,0,1,0,NA,"NaN",2,2,0,0,0,0,0,0,0,0,0,0,0,0,0,0,0,0,0,0,0,0
"423","Raum","RB Leipzig","Abwehr",3.6,21,21,1,0,2,1788,81,"3.14",37,33,1,0,5,0,0,5,0,0,1,86,30,5,0,10,0,0,0,3,0,134
"424","Reitz","Bor. Mönchengladbach","Mittelfeld",3,21,21,6,2,0,1842,68,"3.43",45,46,2,0,1,0,0,1,0,0,1,96,6,8,0,2,0,0,0,3,0,115
"425","Remberg","Holstein Kiel","Mittelfeld",1.4,26,26,6,2,0,2412,75,"3.84",45,74,0,0,1,0,2,11,0,0,0,116,-38,0,0,2,0,0,0,0,0,80
"426","Rexhbecaj","FC Augsburg","Mittelfeld",1.6,22,22,5,2,4,1794,66,"3.83",35,49,1,0,1,0,0,8,0,0,0,98,-32,4,0,2,0,0,0,0,0,72
"427","Reyna","Borussia Dortmund","Mittelfeld",2,3,3,13,1,10,339,21,"3.50",55,33,2,0,0,0,0,3,0,0,0,38,0,8,0,0,0,0,0,0,0,46
"428","Richter","1. FSV Mainz 05",NA,NA,0,0,0,0,1,0,NA,"NaN",1,1,0,0,0,0,0,0,0,0,0,0,0,0,0,0,0,0,0,0,0,0
"429","Rieder","VfB Stuttgart","Mittelfeld",2.2,8,8,13,5,11,863,41,"3.77",61,48,1,0,3,1,0,1,0,0,0,58,-14,4,0,6,2,0,0,0,0,56
"430","Rieß","1. FSV Mainz 05","Tor",0.5,2,2,0,0,32,180,90,"2.50",55,43,0,0,0,0,0,1,0,0,0,8,8,0,0,0,0,0,0,0,0,16
"431","Roerslev","VfL Wolfsburg","Abwehr",2,2,2,5,3,4,293,42,"3.90",11,16,0,0,0,0,0,0,0,0,0,18,-8,0,0,0,0,0,0,0,0,10
"432","Ron. Seibt","FC St. Pauli",NA,NA,0,0,0,0,1,0,NA,"NaN",1,2,0,0,0,0,0,0,0,0,0,0,0,0,0,0,0,0,0,0,0,0
"433","Rosenboom","Holstein Kiel","Abwehr",0.8,21,21,5,2,8,1737,67,"3.87",49,80,2,0,2,0,0,3,0,0,0,94,-34,10,0,4,0,0,0,0,0,74
"434","Rosenfelder","SC Freiburg","Abwehr",0.5,13,13,12,2,2,1247,50,"3.23",39,50,1,0,0,0,0,2,0,0,1,76,16,5,0,0,0,0,0,3,0,100
"435","Rothe","1. FC Union Berlin","Abwehr",2,19,19,7,2,4,1725,66,"3.67",34,47,3,0,4,1,0,4,0,1,2,90,-14,15,0,8,2,0,-6,6,0,101
"436","Rouault","VfB Stuttgart","Abwehr",2.2,14,14,4,2,0,1215,68,"3.75",33,24,1,0,0,0,0,1,0,0,0,64,-16,5,0,0,0,0,0,0,0,53
"437","Roussillon","1. FC Union Berlin","Abwehr",1.7,1,1,6,1,10,131,19,"4.50",15,15,0,0,0,0,0,0,0,0,0,16,-8,0,0,0,0,0,0,0,0,8
"438","Ryerson","Borussia Dortmund","Abwehr",2.8,27,27,2,2,0,2273,78,"3.55",63,46,2,0,4,0,0,4,1,0,0,112,-6,10,0,8,0,-3,0,0,0,121
"439","Röhl","SC Freiburg","Mittelfeld",2.5,11,11,8,2,2,968,51,"3.88",35,33,0,0,1,0,0,2,0,0,0,60,-20,0,0,2,0,0,0,0,0,42
"440","Rönnow","1. FC Union Berlin","Tor",3.2,28,28,0,0,0,2520,90,"2.91",31,37,0,0,0,0,0,2,0,0,4,112,66,0,0,0,0,0,0,12,16,206
"441","S. Conteh","1. FC Heidenheim","Mittelfeld",1.3,4,4,25,13,4,873,30,"4.03",34,64,1,0,1,0,0,2,0,0,0,66,-36,4,0,2,0,0,0,0,0,36
"442","Saad","FC St. Pauli","Sturm",1.6,10,10,8,5,1,901,50,"3.67",16,24,3,0,3,0,0,1,0,0,1,56,-10,9,0,6,0,0,0,3,0,64
"443","Sabitzer","Borussia Dortmund","Mittelfeld",4,18,18,8,4,1,1616,62,"3.73",49,40,1,0,0,0,0,3,0,0,1,88,-20,4,0,0,0,0,0,3,0,75
"444","Sakar","RB Leipzig",NA,NA,0,0,1,0,3,0,0,"NaN",6,11,0,0,0,0,0,0,0,0,0,2,0,0,0,0,0,0,0,0,0,2
"445","Saliakas","FC St. Pauli","Abwehr",1.6,26,26,4,2,1,2322,77,"3.75",28,36,2,0,1,1,0,4,0,0,0,112,-28,10,0,2,2,0,0,0,0,98
"446","Sallai","SC Freiburg",NA,NA,0,0,2,1,0,44,22,"4.00",3,3,0,0,0,0,0,0,0,0,0,4,-2,0,0,0,0,0,0,0,0,2
"447","Samassekou","TSG Hoffenheim","Mittelfeld",1.4,6,5,2,0,6,295,37,"3.80",15,23,0,0,0,0,0,0,0,0,0,28,-6,0,0,0,0,0,0,0,0,22
"448","Sander","Bor. Mönchengladbach","Mittelfeld",2,16,16,11,0,1,1399,52,"3.75",46,46,1,0,0,0,0,2,0,0,0,86,-16,4,0,0,0,0,0,0,0,74
"449","Sands","FC St. Pauli","Mittelfeld",1.7,5,5,2,0,0,452,65,"3.20",6,6,0,0,0,0,0,1,0,0,0,24,6,0,0,0,0,0,0,0,0,30
"450","Sano","1. FSV Mainz 05","Mittelfeld",1.8,34,34,0,0,0,3044,90,"3.13",55,43,0,0,0,0,0,3,0,0,1,136,50,0,0,0,0,0,0,3,0,189
"451","Sarco","Bayer 04 Leverkusen","Sturm",0.7,0,0,0,0,5,0,NA,"NaN",12,7,0,0,0,0,0,0,0,0,0,0,0,0,0,0,0,0,0,0,0,0
"452","Scally","Bor. Mönchengladbach","Abwehr",1.5,30,29,2,1,1,2586,81,"4.00",54,54,0,0,0,0,0,6,0,0,0,124,-60,0,0,0,0,0,0,0,0,64
"453","Schick","Bayer 04 Leverkusen","Sturm",4,19,19,12,2,2,1682,54,"3.00",70,42,20,1,1,1,0,4,0,0,3,100,42,60,3,2,2,0,0,9,0,218
"454","Schimmer","1. FC Heidenheim","Sturm",1,0,0,13,5,6,234,18,"4.70",15,38,0,0,0,0,0,1,0,0,0,26,-24,0,0,0,0,0,0,0,0,2
"455","Schmetgens","Werder Bremen",NA,NA,0,0,0,0,1,0,NA,"NaN",0,3,0,0,0,0,0,0,0,0,0,0,0,0,0,0,0,0,0,0,0,0
"456","Schmid","Werder Bremen","Mittelfeld",3.2,32,32,0,0,0,2846,89,"3.33",53,52,4,1,5,0,0,4,0,0,5,128,22,16,4,10,0,0,0,15,0,195
"457","Schmitt","Bayern München",NA,NA,0,0,0,0,2,0,NA,"NaN",4,2,0,0,0,0,0,0,0,0,0,0,0,0,0,0,0,0,0,0,0,0
"458","Schmitz","FC St. Pauli","Mittelfeld",0.5,0,0,0,0,9,0,NA,"NaN",8,10,0,0,0,0,0,0,0,0,0,0,0,0,0,0,0,0,0,0,0,0
"459","Schwolow","1. FC Union Berlin","Tor",0.8,6,6,0,0,26,540,90,"3.50",33,48,0,0,0,0,0,0,0,0,0,24,0,0,0,0,0,0,0,0,0,24
"460","Schäfer","1. FC Union Berlin","Mittelfeld",1.8,17,17,9,2,7,1538,59,"3.87",34,50,1,0,1,0,0,3,0,0,0,86,-28,4,0,2,0,0,0,0,0,64
"461","Schöppner","1. FC Heidenheim","Mittelfeld",1.8,32,32,1,0,0,2690,82,"3.52",37,61,4,0,3,0,0,8,0,0,0,130,-2,16,0,6,0,0,0,0,0,150
"462","Scienza","1. FC Heidenheim","Mittelfeld",1.4,13,13,12,7,6,1154,46,"3.60",32,61,3,0,3,0,0,1,0,0,1,76,-8,12,0,6,0,0,0,3,0,89
"463","Seiwald","RB Leipzig","Mittelfeld",2.2,20,20,10,7,2,2079,69,"3.74",48,47,0,0,0,0,0,2,0,0,0,100,-26,0,0,0,0,0,0,0,0,74
"464","Sesko","RB Leipzig","Sturm",5,30,30,3,1,0,2402,73,"3.74",50,45,11,2,5,0,0,0,1,0,3,126,-30,33,6,10,0,-3,0,9,0,151
"465","Sieb","1. FSV Mainz 05","Sturm",1.7,5,5,22,7,7,751,28,"3.88",55,43,2,0,3,0,0,2,0,0,0,64,-18,6,0,6,0,0,0,0,0,58
"466","Siersleben","1. FC Heidenheim","Abwehr",1.2,14,14,2,0,18,1185,74,"3.71",37,64,0,0,0,0,0,4,0,0,0,60,-12,0,0,0,0,0,0,0,0,48
"467","Silas","VfB Stuttgart",NA,NA,0,0,0,0,1,0,NA,"NaN",1,3,0,0,0,0,0,0,0,0,0,0,0,0,0,0,0,0,0,0,0,0
"468","Sildillia","SC Freiburg","Abwehr",1.7,8,8,13,1,8,791,38,"3.06",43,43,2,0,0,0,0,2,0,0,1,58,16,10,0,0,0,0,0,3,0,87
"469","Siljevic","Eintracht Frankfurt",NA,NA,0,0,0,0,1,0,NA,"NaN",1,3,0,0,0,0,0,0,0,0,0,0,0,0,0,0,0,0,0,0,0,0
"470","Silva","RB Leipzig","Sturm",2.8,0,0,8,2,9,124,16,"2.75",28,22,0,1,2,0,0,0,0,0,0,16,6,0,3,4,0,0,0,0,0,29
"471","Silva","Werder Bremen","Sturm",2.8,4,4,3,2,7,377,54,"4.17",20,21,0,1,0,0,0,1,0,0,0,22,-16,0,3,0,0,0,0,0,0,9
"472","Simakan","RB Leipzig",NA,NA,1,1,0,0,0,55,55,"3.00",1,0,0,0,0,0,0,0,0,0,0,4,2,0,0,0,0,0,0,0,0,6
"473","Sinani","FC St. Pauli","Sturm",0.8,14,14,12,1,7,1251,48,"4.30",28,40,2,0,2,0,0,3,0,0,1,80,-48,6,0,4,0,0,0,3,0,45
"474","Sippel","Bor. Mönchengladbach","Tor",0.5,0,0,1,1,14,58,58,"5.00",21,22,0,0,0,0,0,0,0,0,0,2,-6,0,0,0,0,0,0,0,0,-4
"475","Sissoko","VfL Bochum","Mittelfeld",1.8,30,30,2,2,0,2626,82,"3.42",29,65,2,0,1,0,0,9,1,0,2,124,10,8,0,2,0,-3,0,6,0,147
"476","Skarke","1. FC Union Berlin","Sturm",2.5,11,11,22,8,1,1153,35,"4.18",36,50,0,0,3,0,0,1,0,0,0,88,-52,0,0,6,0,0,0,0,0,42
"477","Skhiri","Eintracht Frankfurt","Mittelfeld",3.2,26,26,4,1,2,2235,74,"3.70",64,43,1,0,3,0,0,6,0,0,0,112,-22,4,0,6,0,0,0,0,0,100
"478","Skov","1. FC Union Berlin","Mittelfeld",1.7,11,11,4,2,5,859,57,"3.77",19,28,1,1,2,0,0,1,0,0,0,52,-14,4,4,4,0,0,0,0,0,50
"479","Skov Olsen","VfL Wolfsburg","Sturm",1.8,4,4,8,5,4,531,44,"4.06",16,23,1,0,1,0,0,0,0,0,0,32,-20,3,0,2,0,0,0,0,0,17
"480","Skrzybski","Holstein Kiel","Mittelfeld",2.2,15,14,9,6,0,1326,55,"3.50",32,52,5,1,4,0,0,0,0,0,2,78,0,20,4,8,0,0,0,6,0,116
"481","Smith","FC St. Pauli","Abwehr",1.8,32,32,0,0,0,2828,88,"3.53",24,41,1,0,1,0,0,7,0,0,1,128,-4,5,0,2,0,0,0,3,0,134
"482","Stach","TSG Hoffenheim","Mittelfeld",3,29,29,1,1,0,2589,86,"3.25",44,55,1,0,2,0,0,8,0,0,1,118,30,4,0,4,0,0,0,3,0,159
"483","Stage","Werder Bremen","Mittelfeld",2,26,26,2,1,1,2214,79,"3.26",46,49,10,0,5,0,0,10,0,0,5,108,26,40,0,10,0,0,0,15,0,199
"484","Stange","Bor. Mönchengladbach",NA,NA,0,0,0,0,1,0,NA,"NaN",4,4,0,0,0,0,0,0,0,0,0,0,0,0,0,0,0,0,0,0,0,0
"485","Stanisic","Bayern München","Abwehr",2.5,9,9,5,1,2,873,62,"3.25",42,19,0,0,2,0,0,0,0,0,0,46,10,0,0,4,0,0,0,0,0,60
"486","Stark","Werder Bremen","Abwehr",2,25,25,1,0,1,2112,81,"3.36",42,43,0,0,1,0,0,4,1,0,1,102,14,0,0,2,0,-3,0,3,0,118
"487","Staugaard","FC St. Pauli",NA,NA,0,0,0,0,3,0,NA,"NaN",5,2,0,0,0,0,0,0,0,0,0,0,0,0,0,0,0,0,0,0,0,0
"488","Stepanov","Bayer 04 Leverkusen","Sturm",0.5,0,0,0,0,8,0,NA,"NaN",23,8,0,0,0,0,0,0,0,0,0,0,0,0,0,0,0,0,0,0,0,0
"489","Stergiou","VfB Stuttgart","Abwehr",1.8,11,11,1,0,4,895,75,"3.77",28,24,1,0,2,0,0,0,0,1,0,46,-12,5,0,4,0,0,-6,0,0,37
"490","Stevens","FC St. Pauli","Abwehr",1,0,0,1,0,14,0,0,"NaN",15,19,0,0,0,0,0,0,0,0,0,2,0,0,0,0,0,0,0,0,0,2
"491","Stiller","VfB Stuttgart","Mittelfeld",4.5,31,30,1,1,0,2743,86,"3.24",57,51,1,0,9,0,1,6,0,0,1,126,32,4,0,18,0,0,0,3,0,183
"492","Strobl","TSG Hoffenheim","Abwehr",0.5,0,0,0,0,1,0,NA,"NaN",3,2,0,0,0,0,0,0,0,0,0,0,0,0,0,0,0,0,0,0,0,0
"493","Sturm","SC Freiburg",NA,NA,0,0,0,0,2,0,NA,"NaN",2,0,0,0,0,0,0,0,0,0,0,0,0,0,0,0,0,0,0,0,0,0
"494","Stöger","Bor. Mönchengladbach","Mittelfeld",3.5,16,16,15,5,3,1545,50,"3.57",55,57,1,2,4,0,0,3,0,0,0,94,-6,4,8,8,0,0,0,0,0,108
"495","Svanberg","VfL Wolfsburg","Mittelfeld",2.2,14,14,6,1,2,1224,61,"3.77",42,35,3,0,1,0,0,4,0,0,0,68,-16,12,0,2,0,0,0,0,0,66
"496","Svensson","Borussia Dortmund","Abwehr",1.7,8,8,4,1,0,779,65,"3.06",35,14,1,0,3,0,0,0,0,0,0,40,16,5,0,6,0,0,0,0,0,67
"497","Swider","Bor. Mönchengladbach","Mittelfeld",0.5,0,0,0,0,4,0,NA,"NaN",10,3,0,0,0,0,0,0,0,0,0,0,0,0,0,0,0,0,0,0,0,0
"498","Süle","Borussia Dortmund","Abwehr",3,12,12,3,1,6,1059,71,"3.27",45,29,0,0,0,0,0,1,0,0,0,54,12,0,0,0,0,0,0,0,0,66
"499","T. Becker","Holstein Kiel","Abwehr",1.8,28,28,2,2,1,2447,82,"3.95",43,73,0,0,3,0,0,2,0,0,0,116,-54,0,0,6,0,0,0,0,0,68
"500","T. Horn","VfL Bochum","Tor",2.4,13,13,0,0,21,1170,90,"3.12",32,68,0,0,0,0,0,2,0,0,2,52,20,0,0,0,0,0,0,6,6,84
"501","T. Müller","Bayern München","Mittelfeld",4.2,12,12,18,8,4,1217,41,"3.30",99,32,1,0,6,0,0,3,0,0,0,84,16,4,0,12,0,0,0,0,0,116
"502","T. Philipp","TSG Hoffenheim",NA,NA,0,0,0,0,2,0,NA,"NaN",3,5,0,0,0,0,0,0,0,0,0,0,0,0,0,0,0,0,0,0,0,0
"503","Tabakovic","TSG Hoffenheim","Sturm",2.5,6,6,16,7,8,809,37,"3.85",40,57,3,0,1,0,0,0,0,0,0,56,-18,9,0,2,0,0,0,0,0,49
"504","Tah","Bayer 04 Leverkusen","Abwehr",5.5,33,33,0,0,0,2970,90,"2.83",71,43,3,0,0,0,0,3,0,0,3,132,88,15,0,0,0,0,0,9,0,244
"505","Tapsoba","Bayer 04 Leverkusen","Abwehr",3.6,29,29,0,0,2,2512,87,"3.43",61,38,0,0,0,0,1,4,0,0,0,116,8,0,0,0,0,0,0,0,0,124
"506","Tel","Bayern München",NA,NA,2,2,6,2,9,250,31,"4.12",51,14,0,0,1,0,0,0,0,0,0,20,-10,0,0,2,0,0,0,0,0,12
"507","Tella","Bayer 04 Leverkusen","Sturm",3,17,17,10,4,3,1367,51,"3.81",59,36,2,0,4,0,0,1,0,0,0,88,-26,6,0,8,0,0,0,0,0,76
"508","Terrier","Bayer 04 Leverkusen","Sturm",3,7,6,8,3,0,585,39,"3.56",41,22,2,0,1,0,0,1,0,0,0,44,-2,6,0,2,0,0,0,0,0,50
"509","Theate","Eintracht Frankfurt","Abwehr",2.7,31,31,0,0,0,2723,88,"3.35",57,41,0,0,1,0,0,3,1,0,0,124,18,0,0,2,0,-3,0,0,0,141
"510","Theuerkauf","1. FC Heidenheim","Mittelfeld",1.3,0,0,1,0,17,21,21,"NaN",21,36,0,0,0,0,0,0,0,0,0,2,0,0,0,0,0,0,0,0,0,2
"511","Thomalla","1. FC Heidenheim","Mittelfeld",1,0,0,1,0,0,3,3,"NaN",1,3,0,0,0,0,0,0,0,0,0,2,0,0,0,0,0,0,0,0,0,2
"512","Tiago Tomas","VfL Wolfsburg","Sturm",1.6,23,23,9,4,1,1896,59,"3.80",51,53,6,0,2,1,0,7,0,0,0,110,-32,18,0,4,2,0,0,0,0,102
"513","Tohumcu","TSG Hoffenheim","Mittelfeld",1.7,3,3,9,3,8,370,31,"4.08",28,41,0,0,1,0,0,3,0,0,0,30,-14,0,0,2,0,0,0,0,0,18
"514","Tolkin","Holstein Kiel","Abwehr",1.4,9,9,2,0,2,739,67,"3.56",20,30,0,0,2,0,0,0,0,0,0,40,-2,0,0,4,0,0,0,0,0,42
"515","Topp","Werder Bremen","Sturm",1.4,1,1,18,1,3,233,12,"5.00",36,32,2,0,2,0,0,1,0,0,0,40,-12,6,0,4,0,0,0,0,0,38
"516","Touré","TSG Hoffenheim","Mittelfeld",1.6,7,7,6,0,1,610,47,"3.57",20,28,0,0,3,0,0,1,0,0,0,40,-2,0,0,6,0,0,0,0,0,44
"517","Touré","VfB Stuttgart","Sturm",2.5,3,3,9,1,1,349,29,"3.88",27,23,2,0,1,0,0,0,0,0,1,30,-6,6,0,2,0,0,0,3,0,35
"518","Tousart","1. FC Union Berlin","Mittelfeld",2.4,6,6,9,4,11,557,37,"3.85",29,41,0,0,1,0,0,2,0,0,0,42,-14,0,0,2,0,0,0,0,0,30
"519","Traoré","1. FC Heidenheim","Abwehr",1.8,30,30,0,0,2,2622,87,"3.72",36,62,0,0,1,0,0,6,0,0,0,120,-26,0,0,2,0,0,0,0,0,96
"520","Trapp","Eintracht Frankfurt","Tor",3.2,26,26,0,0,0,2296,88,"3.15",51,35,0,0,0,0,0,0,0,0,0,104,36,0,0,0,0,0,0,0,12,152
"521","Treu","FC St. Pauli","Abwehr",1.4,33,33,0,0,0,2884,87,"3.55",28,40,0,0,3,0,1,2,0,0,1,132,-6,0,0,6,0,0,0,3,0,135
"522","Trimmel","1. FC Union Berlin","Abwehr",1.7,20,20,6,2,7,1745,67,"3.64",35,48,0,0,3,0,0,5,0,0,0,92,-12,0,0,6,0,0,0,0,0,86
"523","Tuta","Eintracht Frankfurt","Abwehr",1.8,26,26,4,1,0,2275,76,"3.50",62,36,2,0,1,0,1,8,0,0,0,112,0,10,0,2,0,0,0,0,0,124
"524","Ullrich","Bor. Mönchengladbach","Abwehr",0.6,24,24,2,1,3,1920,74,"3.68",49,49,1,0,2,0,0,4,0,0,1,100,-18,5,0,4,0,0,0,3,0,94
"525","Ulreich","Bayern München","Tor",1,1,1,0,0,15,90,90,"3.00",52,14,0,0,0,0,0,0,0,0,0,4,2,0,0,0,0,0,0,0,2,8
"526","Undav","VfB Stuttgart","Sturm",5.5,20,20,7,2,0,1731,64,"3.23",48,44,9,0,3,0,0,4,0,0,2,94,24,27,0,6,0,0,0,6,0,157
"527","Upamecano","Bayern München","Abwehr",3,20,20,0,0,2,1763,88,"2.90",66,20,2,0,0,0,0,6,0,0,0,80,48,10,0,0,0,0,0,0,0,138
"528","Urbig","Bayern München","Tor",1,8,8,0,0,7,720,90,"3.25",41,16,0,0,0,0,0,0,0,0,0,32,8,0,0,0,0,0,0,0,4,44
"529","Uzun","Eintracht Frankfurt","Sturm",2,6,6,14,4,13,668,33,"3.45",68,44,4,0,2,0,0,1,0,0,1,52,2,12,0,4,0,0,0,3,0,73
"530","Vagnoman","VfB Stuttgart","Abwehr",2.2,19,19,7,4,2,1836,71,"3.89",54,42,1,0,2,0,0,4,0,0,0,90,-36,5,0,4,0,0,0,0,0,63
"531","Van der Heyden","FC St. Pauli","Abwehr",1.2,11,11,2,1,0,909,70,"3.83",8,17,1,0,0,0,0,2,1,0,0,48,-16,5,0,0,0,-3,0,0,0,34
"532","Vandevoordt","RB Leipzig","Tor",1,4,4,2,1,28,427,71,"3.30",53,48,0,0,0,0,0,0,0,0,0,20,4,0,0,0,0,0,0,0,0,24
"533","Vargas","FC Augsburg","Mittelfeld",1.8,3,3,5,2,2,303,38,"3.90",11,26,0,0,0,0,0,3,0,0,0,22,-8,0,0,0,0,0,0,0,0,14
"534","Vasilj","FC St. Pauli","Tor",2.2,33,33,0,0,0,2970,90,"2.77",26,39,0,0,0,0,0,0,1,0,6,132,96,0,0,0,0,-3,0,18,18,261
"535","Vavro","VfL Wolfsburg","Abwehr",1.8,27,27,2,1,2,2461,85,"3.45",52,50,2,0,1,0,0,4,0,0,2,112,6,10,0,2,0,0,0,6,0,136
"536","Veljkovic","Werder Bremen","Abwehr",1.7,11,11,3,2,4,1027,73,"3.65",29,36,0,0,1,0,0,1,0,0,0,50,-8,0,0,2,0,0,0,0,0,44
"537","Veratschnig","1. FSV Mainz 05","Abwehr",1.5,2,2,13,3,12,357,24,"3.30",49,36,0,0,0,0,0,1,0,0,0,34,4,0,0,0,0,0,0,0,0,38
"538","Vermeeren","RB Leipzig","Mittelfeld",2.2,18,18,10,5,4,1578,56,"3.85",50,47,0,0,2,0,0,7,0,0,0,92,-32,0,0,4,0,0,0,0,0,64
"539","Vertessen","1. FC Union Berlin","Sturm",1.7,7,7,10,6,1,718,42,"3.77",16,25,1,0,0,0,0,2,0,0,0,48,-14,3,0,0,0,0,0,0,0,37
"540","Vidovic","1. FSV Mainz 05","Sturm",1.2,0,0,1,0,2,3,3,"NaN",6,4,0,0,0,0,0,0,0,0,0,2,0,0,0,0,0,0,0,0,0,2
"541","Vidovic","Bayern München","Sturm",1.2,0,0,4,0,8,20,5,"NaN",33,13,0,0,0,0,0,0,0,0,0,8,0,0,0,0,0,0,0,0,0,8
"542","Vogt","1. FC Union Berlin","Abwehr",2.5,16,16,2,2,5,1372,76,"3.58",22,28,0,1,0,0,0,6,0,0,1,68,-6,0,5,0,0,0,0,3,0,70
"543","Voll","FC St. Pauli","Tor",1,1,1,1,0,22,90,45,"2.00",19,30,0,0,1,0,0,1,0,0,1,6,6,0,0,2,0,0,0,3,0,17
"544","Volland","1. FC Union Berlin","Sturm",2,0,0,4,1,9,56,14,"4.00",13,24,0,0,0,0,0,1,0,0,0,8,-2,0,0,0,0,0,0,0,0,6
"545","Voufack","RB Leipzig",NA,NA,0,0,0,0,5,0,NA,"NaN",12,10,0,0,0,0,0,0,0,0,0,0,0,0,0,0,0,0,0,0,0,0
"546","Vranckx","VfL Wolfsburg","Mittelfeld",1.6,6,6,8,1,7,553,40,"4.14",31,32,0,0,0,0,0,1,0,0,0,40,-18,0,0,0,0,0,0,0,0,22
"547","Wahi","Eintracht Frankfurt","Sturm",3.3,1,1,7,1,3,191,24,"5.00",19,16,0,0,0,0,0,1,0,0,0,18,-12,0,0,0,0,0,0,0,0,6
"548","Wahl","FC St. Pauli","Abwehr",1.8,33,33,0,0,0,2970,90,"3.48",26,38,0,0,0,0,0,1,0,0,0,132,2,0,0,0,0,0,0,0,0,134
"549","Walther","RB Leipzig",NA,NA,0,0,0,0,1,0,NA,"NaN",0,0,0,0,0,0,0,0,0,0,0,0,0,0,0,0,0,0,0,0,0,0
"550","Wanner","1. FC Heidenheim","Mittelfeld",1.6,20,20,9,4,4,1779,61,"3.75",34,63,2,1,3,0,0,2,0,0,0,98,-24,8,4,6,0,0,0,0,0,92
"551","Weigl","Bor. Mönchengladbach","Mittelfeld",2.2,33,33,0,0,0,2888,88,"3.86",51,56,0,0,2,0,0,8,0,0,0,132,-48,0,0,4,0,0,0,0,0,88
"552","Weiner","Holstein Kiel","Tor",2.4,25,25,0,0,7,2250,90,"3.56",47,76,0,0,0,0,0,4,0,0,0,100,-6,0,0,0,0,0,0,0,4,98
"553","Weiper","1. FSV Mainz 05","Sturm",1.4,7,7,16,1,6,694,30,"3.62",43,34,3,0,2,0,0,2,0,0,0,60,-4,9,0,4,0,0,0,0,0,69
"554","Weiser","Werder Bremen","Abwehr",3,32,32,0,0,0,2878,90,"3.38",50,52,5,0,10,0,0,7,1,0,3,128,16,25,0,20,0,-3,0,9,0,195
"555","Weißhaupt","FC St. Pauli","Mittelfeld",1.6,13,13,6,3,0,1167,61,"3.84",16,22,1,0,1,0,0,0,0,0,0,64,-22,4,0,2,0,0,0,0,0,48
"556","Weißhaupt","SC Freiburg","Mittelfeld",1.6,0,0,3,1,8,78,26,"3.50",16,12,0,0,0,0,0,0,0,0,0,6,0,0,0,0,0,0,0,0,0,6
"557","Widmer","1. FSV Mainz 05","Abwehr",1.8,3,3,24,3,6,482,18,"3.83",54,42,0,0,1,0,0,3,0,0,0,60,-8,0,0,2,0,0,0,0,0,54
"558","Wimmer","VfL Wolfsburg","Mittelfeld",2,22,22,7,5,0,1801,62,"3.46",51,49,3,0,5,0,0,5,0,1,1,102,4,12,0,10,0,0,-6,3,0,125
"559","Wind","VfL Wolfsburg","Sturm",3.8,21,21,10,4,2,1969,64,"3.64",55,54,8,1,3,0,0,2,0,0,1,104,-14,24,3,6,0,0,0,3,0,126
"560","Wirtz","Bayer 04 Leverkusen","Mittelfeld",8.5,25,25,6,5,0,2354,76,"2.45",64,39,8,2,14,0,0,3,0,0,5,112,126,32,8,28,0,0,0,15,0,321
"561","Wittek","VfL Bochum","Abwehr",1.7,32,32,1,0,0,2715,82,"3.98",30,68,0,0,1,0,0,8,0,0,0,130,-62,0,0,2,0,0,0,0,0,70
"562","Woltemade","VfB Stuttgart","Sturm",1.8,17,17,11,3,5,1644,59,"2.67",60,49,10,2,2,0,0,3,1,0,3,90,66,30,6,4,0,-3,0,9,0,202
"563","Wätjen","Borussia Dortmund","Mittelfeld",1.2,0,0,2,0,9,14,7,"NaN",21,26,0,0,0,0,0,0,0,0,0,4,0,0,0,0,0,0,0,0,0,4
"564","X. Schlager","RB Leipzig","Mittelfeld",3,2,2,2,1,1,180,45,"3.50",8,11,0,0,0,0,0,1,0,0,0,12,0,0,0,0,0,0,0,0,0,12
"565","Xavi","RB Leipzig","Mittelfeld",6.5,25,25,0,0,0,2157,86,"3.32",39,29,10,0,9,0,0,5,0,0,2,100,18,40,0,18,0,0,0,6,0,182
"566","Yan Couto","Borussia Dortmund","Abwehr",3.6,8,8,13,5,8,885,42,"4.35",62,46,0,0,0,0,0,5,0,0,0,58,-44,0,0,0,0,0,0,0,0,14
"567","Yanda","FC St. Pauli",NA,NA,0,0,0,0,1,0,NA,"NaN",0,2,0,0,0,0,0,0,0,0,0,0,0,0,0,0,0,0,0,0,0,0
"568","Yardimci","TSG Hoffenheim","Sturm",1.5,3,3,5,2,5,312,39,"4.60",17,23,0,0,0,0,0,2,0,0,0,22,-22,0,0,0,0,0,0,0,0,0
"569","Zagadou","VfB Stuttgart","Abwehr",2,0,0,2,0,1,28,14,"NaN",11,4,0,0,0,0,0,1,0,0,0,4,0,0,0,0,0,0,0,0,0,4
"570","Zec","Holstein Kiel","Abwehr",1.3,18,18,0,0,0,1546,86,"3.83",29,40,2,0,0,0,0,5,0,0,0,72,-24,10,0,0,0,0,0,0,0,58
"571","Zentner","1. FSV Mainz 05","Tor",2.8,32,32,0,0,0,2880,90,"2.78",50,41,0,0,0,0,0,3,0,0,3,128,92,0,0,0,0,0,0,9,18,247
"572","Zesiger","FC Augsburg","Abwehr",1.8,15,15,0,0,0,1257,84,"3.23",13,15,0,0,2,0,0,5,1,0,1,60,16,0,0,4,0,-3,0,3,0,80
"573","Zesiger","VfL Wolfsburg","Abwehr",1.8,5,5,2,1,9,520,74,"4.25",33,28,0,0,0,0,0,4,0,0,0,24,-18,0,0,0,0,0,0,0,0,6
"574","Zetterer","Werder Bremen","Tor",3.2,34,34,0,0,0,3060,90,"3.28",54,57,0,0,0,0,0,2,0,0,0,136,30,0,0,0,0,0,0,0,20,186
"575","Zingerle","RB Leipzig","Tor",0.5,0,0,0,0,14,0,NA,"NaN",18,23,0,0,0,0,0,0,0,0,0,0,0,0,0,0,0,0,0,0,0,0
"576","Zivzivadze","1. FC Heidenheim","Sturm",2.3,10,10,5,2,0,955,64,"3.58",18,23,2,0,3,0,0,0,0,0,1,50,-4,6,0,6,0,0,0,3,0,61
"577","da Costa","1. FSV Mainz 05","Abwehr",1.2,25,23,0,0,7,2010,80,"3.39",50,40,0,0,1,0,0,0,0,0,0,100,10,0,0,2,0,0,0,0,0,112
"578","Östigaard","TSG Hoffenheim","Abwehr",2.2,11,11,0,0,0,990,90,"3.59",15,24,0,0,0,0,1,0,0,1,1,44,-4,0,0,0,0,0,-6,3,0,37
"579","Özcan","Borussia Dortmund","Mittelfeld",1.8,3,3,8,2,4,385,35,"3.70",37,18,0,0,0,0,0,0,0,0,0,28,-4,0,0,0,0,0,0,0,0,24
"580","Özcan","VfL Wolfsburg","Mittelfeld",1.8,3,3,8,1,7,346,31,"3.88",40,31,0,0,0,0,0,0,0,0,0,28,-6,0,0,0,0,0,0,0,0,22
